tag,phase,model,dataset,level,axis,treatment,seed,val_acc,val_acc_mean,val_acc_std,n_seeds,psnr_mean,psnr_std,ssim_mean,ssim_std,epochs_run,runtime_s,status
final_B2_L1_densenet121_cifar10,B2,densenet121,cifar10,1,,T3,42,0.739799976348877,,,1,19.49942398071289,2.307029962539673,0.8159459829330444,0.053640592843294144,40,2452.4529999999795,Complete
final_B2_L1_densenet121_mnist,B2,densenet121,mnist,1,,T3,42,0.9886000156402588,,,1,19.81437110900879,1.5642881393432617,0.8638811707496643,0.027346473187208176,22,1358.5,Complete
final_B2_L1_resnet50_cifar10,B2,resnet50,cifar10,1,,T3,42,0.7495999932289124,,,1,19.49942398071289,2.307029962539673,0.8159459829330444,0.053640592843294144,29,1339.5159999998286,Complete
final_B2_L1_resnet50_mnist,B2,resnet50,mnist,1,,T3,42,0.9890000224113464,,,1,19.81437110900879,1.5642881393432617,0.8638811707496643,0.027346473187208176,22,995.7029999999795,Complete
final_B2_L1_transnext_tiny_cifar10,B2,transnext_tiny,cifar10,1,,T3,42,0.8651999831199646,,,1,19.49942398071289,2.307029962539673,0.8159459829330444,0.053640592843294144,38,6624.530999999959,Complete
final_B2_L1_transnext_tiny_mnist,B2,transnext_tiny,mnist,1,,T3,42,0.9918000102043152,,,1,19.81437110900879,1.5642881393432617,0.8638811707496643,0.027346473187208176,28,4895.734000000171,Complete
final_B2_L2_densenet121_cifar10,B2,densenet121,cifar10,2,,T3,42,0.5667999982833862,,,1,17.245643615722656,1.8816615343093872,0.7328234910964966,0.06700173765420914,23,1433.625,Complete
final_B2_L2_densenet121_mnist,B2,densenet121,mnist,2,,T3,42,0.9761999845504761,,,1,16.086591720581055,1.4540677070617676,0.7367054224014282,0.05195021629333496,60,3754.0779999999795,Complete
final_B2_L2_resnet50_cifar10,B2,resnet50,cifar10,2,,T3,42,0.5532000064849854,,,1,17.245643615722656,1.8816615343093872,0.7328234910964966,0.06700173765420914,23,1056.438000000082,Complete
final_B2_L2_resnet50_mnist,B2,resnet50,mnist,2,,T3,42,0.9714000225067139,,,1,16.086591720581055,1.4540677070617676,0.7367054224014282,0.05195021629333496,41,1888.7339999999385,Complete
final_B2_L2_transnext_tiny_cifar10,B2,transnext_tiny,cifar10,2,,T3,42,0.6819999814033508,,,1,17.245643615722656,1.8816615343093872,0.7328234910964966,0.06700173765420914,22,3860.7030000002123,Complete
final_B2_L2_transnext_tiny_mnist,B2,transnext_tiny,mnist,2,,T3,42,0.9761999845504761,,,1,16.086591720581055,1.4540677070617676,0.7367054224014282,0.05195021629333496,47,8200.42200000002,Complete
final_B2_L3_densenet121_cifar10,B2,densenet121,cifar10,3,,T3,42,0.43720000982284546,0.4240666727224986,0.009295641129312244,3,15.241291046142578,1.7207525968551636,0.6733287572860718,0.0791633203625679,21,1332.1410000000615,Complete
final_B2_L3_densenet121_mnist,B2,densenet121,mnist,3,,T3,42,0.8619999885559082,0.8622666597366333,0.001806168664905516,3,13.048843383789062,1.54022216796875,0.5855075120925903,0.07740084081888199,25,1595.375,Complete
final_B2_L3_resnet50_cifar10,B2,resnet50,cifar10,3,,T3,42,0.4147999882698059,0.41093332568804425,0.0045146656894384084,3,15.241291046142578,1.7207525968551636,0.6733287572860718,0.0791633203625679,15,699.344000000041,Complete
final_B2_L3_resnet50_mnist,B2,resnet50,mnist,3,,T3,42,0.8547999858856201,0.848800003528595,0.004898965080137711,3,13.048843383789062,1.54022216796875,0.5855075120925903,0.07740084081888199,51,2412.8599999998696,Complete
final_B2_L3_transnext_tiny_cifar10,B2,transnext_tiny,cifar10,3,,T3,42,0.4641999900341034,0.46433332562446594,0.0001885650002377399,3,15.241291046142578,1.7207525968551636,0.6733287572860718,0.0791633203625679,19,3329.969000000041,Complete
final_B2_L3_transnext_tiny_mnist,B2,transnext_tiny,mnist,3,,T3,42,0.8537999987602234,0.8566666642824808,0.002456728754936912,3,13.048843383789062,1.54022216796875,0.5855075120925903,0.07740084081888199,15,2635.6409999998286,Complete
final_B2_L4_densenet121_cifar10,B2,densenet121,cifar10,4,,T3,42,0.34700000286102295,,,1,14.175460815429688,1.855690598487854,0.6517089605331421,0.08579031378030777,25,1605.5310000001919,Complete
final_B2_L4_densenet121_mnist,B2,densenet121,mnist,4,,T3,42,0.6629999876022339,,,1,11.414421081542969,1.375131368637085,0.4903733730316162,0.08534227311611176,23,1488.030999999959,Complete
final_B2_L4_resnet50_cifar10,B2,resnet50,cifar10,4,,T3,42,0.32659998536109924,,,1,14.175460815429688,1.855690598487854,0.6517089605331421,0.08579031378030777,17,821.8589999999385,Complete
final_B2_L4_resnet50_mnist,B2,resnet50,mnist,4,,T3,42,0.6299999952316284,,,1,11.414421081542969,1.375131368637085,0.4903733730316162,0.08534227311611176,16,778.5629999998491,Complete
final_B2_L4_transnext_tiny_cifar10,B2,transnext_tiny,cifar10,4,,T3,42,0.3646000027656555,,,1,14.175460815429688,1.855690598487854,0.6517089605331421,0.08579031378030777,19,3350.53199999989,Complete
final_B2_L4_transnext_tiny_mnist,B2,transnext_tiny,mnist,4,,T3,42,0.652400016784668,,,1,11.414421081542969,1.375131368637085,0.4903733730316162,0.08534227311611176,20,3541.344000000041,Complete
final_B2_L5_densenet121_cifar10,B2,densenet121,cifar10,5,,T3,42,0.24879999458789825,,,1,12.39627456665039,2.4960403442382812,0.6237173676490784,0.10801724344491959,24,1602.53199999989,Complete
final_B2_L5_densenet121_mnist,B2,densenet121,mnist,5,,T3,42,0.3522000014781952,,,1,9.603363990783691,2.4242351055145264,0.41941672563552856,0.12054192274808884,47,3153.155999999959,Complete
final_B2_L5_resnet50_cifar10,B2,resnet50,cifar10,5,,T3,42,0.24860000610351562,,,1,12.39627456665039,2.4960403442382812,0.6237173676490784,0.10801724344491959,24,1210.3129999998491,Complete
final_B2_L5_resnet50_mnist,B2,resnet50,mnist,5,,T3,42,0.3483999967575073,,,1,9.603363990783691,2.4242351055145264,0.41941672563552856,0.12054192274808884,33,1689.0620000001509,Complete
final_B2_L5_transnext_tiny_cifar10,B2,transnext_tiny,cifar10,5,,T3,42,0.26499998569488525,,,1,12.39627456665039,2.4960403442382812,0.6237173676490784,0.10801724344491959,22,3942.312000000151,Complete
final_B2_L5_transnext_tiny_mnist,B2,transnext_tiny,mnist,5,,T3,42,0.34940001368522644,,,1,9.603363990783691,2.4242351055145264,0.41941672563552856,0.12054192274808884,27,4879.0160000000615,Complete
final_B2nr_L3_densenet121_cifar10,B2nr,densenet121,cifar10,3,,,42,0.4106000065803528,0.40753333767255145,0.003151016632738436,3,15.241291046142578,1.7207525968551636,0.6733287572860718,0.0791633203625679,16,1018.8909999998286,Complete
final_B2nr_L3_densenet121_mnist,B2nr,densenet121,mnist,3,,,42,0.8514000177383423,0.8570000131924947,0.0055713483429282755,3,13.048843383789062,1.54022216796875,0.5855075120925903,0.07740084081888199,26,1671.75,Complete
final_B2nr_L3_resnet50_cifar10,B2nr,resnet50,cifar10,3,,,42,0.3977999985218048,0.4030666649341583,0.0040998612067723195,3,15.241291046142578,1.7207525968551636,0.6733287572860718,0.0791633203625679,14,660.3279999999795,Complete
final_B2nr_L3_resnet50_mnist,B2nr,resnet50,mnist,3,,,42,0.8575999736785889,0.8574000000953674,0.000432038299405364,3,13.048843383789062,1.54022216796875,0.5855075120925903,0.07740084081888199,29,1385.7659999998286,Complete
final_B2nr_L3_transnext_tiny_cifar10,B2nr,transnext_tiny,cifar10,3,,,42,0.43880000710487366,0.43573333819707233,0.0027145656804840493,3,15.241291046142578,1.7207525968551636,0.6733287572860718,0.0791633203625679,14,2439.436999999918,Complete
final_B2nr_L3_transnext_tiny_mnist,B2nr,transnext_tiny,mnist,3,,,42,0.8474000096321106,0.8461333314577738,0.0028394164706691677,3,13.048843383789062,1.54022216796875,0.5855075120925903,0.07740084081888199,37,6472.6720000000205,Complete
final_B_L1_densenet121_cifar10,B,densenet121,cifar10,1,,,42,0.7847999930381775,,,1,21.22579002380371,1.544506311416626,0.8010480403900146,0.04082350432872772,45,2636.063000000082,Complete
final_B_L1_densenet121_mnist,B,densenet121,mnist,1,,,42,0.9873999953269958,,,1,19.555505752563477,1.7537661790847778,0.5766915678977966,0.03037792257964611,18,1066.4220000000205,Complete
final_B_L1_resnet50_cifar10,B,resnet50,cifar10,1,,,42,0.7645999789237976,,,1,21.22579002380371,1.544506311416626,0.8010480403900146,0.04082350432872772,21,910.765000000014,Complete
final_B_L1_resnet50_mnist,B,resnet50,mnist,1,,,42,0.9918000102043152,,,1,19.555505752563477,1.7537661790847778,0.5766915678977966,0.03037792257964611,33,1443.905999999959,Complete
final_B_L1_transnext_tiny_cifar10,B,transnext_tiny,cifar10,1,,,42,0.8758000135421753,,,1,21.22579002380371,1.544506311416626,0.8010480403900146,0.04082350432872772,26,4347.2179999999935,Complete
final_B_L1_transnext_tiny_mnist,B,transnext_tiny,mnist,1,,,42,0.9896000027656555,,,1,19.555505752563477,1.7537661790847778,0.5766915678977966,0.03037792257964611,30,5014.4379999999655,Complete
final_B_L2_densenet121_cifar10,B,densenet121,cifar10,2,,,42,0.5368000268936157,,,1,17.543922424316406,1.3167108297348022,0.6972057819366455,0.05896536260843277,14,828.5929999999935,Complete
final_B_L2_densenet121_mnist,B,densenet121,mnist,2,,,42,0.965399980545044,,,1,15.496427536010742,1.3028600215911865,0.42281824350357056,0.03856607526540756,53,3173.4689999999246,Complete
final_B_L2_resnet50_cifar10,B,resnet50,cifar10,2,,,42,0.5393999814987183,,,1,17.543922424316406,1.3167108297348022,0.6972057819366455,0.05896536260843277,31,1365.969000000041,Complete
final_B_L2_resnet50_mnist,B,resnet50,mnist,2,,,42,0.9635999798774719,,,1,15.496427536010742,1.3028600215911865,0.42281824350357056,0.03856607526540756,45,2012.344000000041,Complete
final_B_L2_transnext_tiny_cifar10,B,transnext_tiny,cifar10,2,,,42,0.6421999931335449,,,1,17.543922424316406,1.3167108297348022,0.6972057819366455,0.05896536260843277,22,3673.6410000000615,Complete
final_B_L2_transnext_tiny_mnist,B,transnext_tiny,mnist,2,,,42,0.9599999785423279,,,1,15.496427536010742,1.3028600215911865,0.42281824350357056,0.03856607526540756,16,2682.75,Complete
final_B_L3_densenet121_cifar10,B,densenet121,cifar10,3,,,42,0.3959999978542328,0.38540000716845196,0.007812803906038465,3,14.874027252197266,1.4139035940170288,0.6350591778755188,0.07825718075037003,15,909.7179999999935,Complete
final_B_L3_densenet121_mnist,B,densenet121,mnist,3,,,42,0.819599986076355,0.8079333305358887,0.008425876815811922,3,12.576668739318848,1.3035645484924316,0.3175475597381592,0.04275445640087128,47,2874.0,Complete
final_B_L3_resnet50_cifar10,B,resnet50,cifar10,3,,,42,0.358599990606308,0.3631333311398824,0.008317583471234175,3,14.874027252197266,1.4139035940170288,0.6350591778755188,0.07825718075037003,13,587.719000000041,Complete
final_B_L3_resnet50_mnist,B,resnet50,mnist,3,,,42,0.7886000275611877,0.7916666865348816,0.007975524559301108,3,12.576668739318848,1.3035645484924316,0.3175475597381592,0.04275445640087128,14,643.625,Complete
final_B_L3_transnext_tiny_cifar10,B,transnext_tiny,cifar10,3,,,42,0.38999998569488525,0.39479999740918476,0.006231112041884804,3,14.874027252197266,1.4139035940170288,0.6350591778755188,0.07825718075037003,13,2188.6720000000205,Complete
final_B_L3_transnext_tiny_mnist,B,transnext_tiny,mnist,3,,,42,0.7993999719619751,0.8004666566848755,0.0011115564086783974,3,12.576668739318848,1.3035645484924316,0.3175475597381592,0.04275445640087128,15,2535.280999999959,Complete
final_B_L4_densenet121_cifar10,B,densenet121,cifar10,4,,,42,0.28519999980926514,,,1,13.097561836242676,1.4104716777801514,0.6013230085372925,0.08745517581701279,16,1010.030999999959,Complete
final_B_L4_densenet121_mnist,B,densenet121,mnist,4,,,42,0.5807999968528748,,,1,10.897726058959961,1.3057552576065063,0.24776911735534668,0.04829176515340805,15,952.515999999945,Complete
final_B_L4_resnet50_cifar10,B,resnet50,cifar10,4,,,42,0.26840001344680786,,,1,13.097561836242676,1.4104716777801514,0.6013230085372925,0.08745517581701279,14,663.4370000000345,Complete
final_B_L4_resnet50_mnist,B,resnet50,mnist,4,,,42,0.5644000172615051,,,1,10.897726058959961,1.3057552576065063,0.24776911735534668,0.04829176515340805,14,669.4060000000754,Complete
final_B_L4_transnext_tiny_cifar10,B,transnext_tiny,cifar10,4,,,42,0.2849999964237213,,,1,13.097561836242676,1.4104716777801514,0.6013230085372925,0.08745517581701279,13,2217.4370000000345,Complete
final_B_L4_transnext_tiny_mnist,B,transnext_tiny,mnist,4,,,42,0.5723999738693237,,,1,10.897726058959961,1.3057552576065063,0.24776911735534668,0.04829176515340805,15,2565.7660000000615,Complete
final_B_L5_densenet121_cifar10,B,densenet121,cifar10,5,,,42,0.19580000638961792,,,1,10.847352027893066,1.8062080144882202,0.5662043690681458,0.10978245735168457,21,1379.109999999986,Complete
final_B_L5_densenet121_mnist,B,densenet121,mnist,5,,,42,0.2775999903678894,,,1,9.024060249328613,1.961860179901123,0.2465682029724121,0.07177931815385818,24,1581.7810000000754,Complete
final_B_L5_resnet50_cifar10,B,resnet50,cifar10,5,,,42,0.19059999287128448,,,1,10.847352027893066,1.8062080144882202,0.5662043690681458,0.10978245735168457,15,747.3129999999655,Complete
final_B_L5_resnet50_mnist,B,resnet50,mnist,5,,,42,0.2800000011920929,,,1,9.024060249328613,1.961860179901123,0.2465682029724121,0.07177931815385818,16,801.719000000041,Complete
final_B_L5_transnext_tiny_cifar10,B,transnext_tiny,cifar10,5,,,42,0.20100000500679016,,,1,10.847352027893066,1.8062080144882202,0.5662043690681458,0.10978245735168457,15,2588.765000000014,Complete
final_B_L5_transnext_tiny_mnist,B,transnext_tiny,mnist,5,,,42,0.27480000257492065,,,1,9.024060249328613,1.961860179901123,0.2465682029724121,0.07177931815385818,16,2771.296999999904,Complete
final_C2_L1_blur_densenet121_cifar10,C2,densenet121,cifar10,1,blur,T3,42,0.8823999762535095,,,1,24.6679744720459,5.662743091583252,0.9434066414833069,0.040312983095645905,60,3371.65699999989,Complete
final_C2_L1_blur_densenet121_mnist,C2,densenet121,mnist,1,blur,T3,42,0.9941999912261963,,,1,36.55766296386719,1.4880058765411377,0.975919246673584,0.006228169891983271,60,3406.8589999999385,Complete
final_C2_L1_blur_resnet50_cifar10,C2,resnet50,cifar10,1,blur,T3,42,0.9061999917030334,,,1,24.6679744720459,5.662743091583252,0.9434066414833069,0.040312983095645905,28,1139.3589999999385,Complete
final_C2_L1_blur_resnet50_mnist,C2,resnet50,mnist,1,blur,T3,42,0.9923999905586243,,,1,36.55766296386719,1.4880058765411377,0.975919246673584,0.006228169891983271,31,1281.9539999999106,Complete
final_C2_L1_blur_transnext_tiny_cifar10,C2,transnext_tiny,cifar10,1,blur,T3,42,0.9652000069618225,,,1,24.6679744720459,5.662743091583252,0.9434066414833069,0.040312983095645905,28,4605.610000000102,Complete
final_C2_L1_blur_transnext_tiny_mnist,C2,transnext_tiny,mnist,1,blur,T3,42,0.9937999844551086,,,1,36.55766296386719,1.4880058765411377,0.975919246673584,0.006228169891983271,16,2641.75,Complete
final_C2_L1_resolution_densenet121_cifar10,C2,densenet121,cifar10,1,resolution,T3,42,0.7681999802589417,,,1,23.107629776000977,3.9659183025360107,0.882835865020752,0.050380636006593704,40,1866.2339999999385,Complete
final_C2_L1_resolution_densenet121_mnist,C2,densenet121,mnist,1,resolution,T3,42,0.9937999844551086,,,1,27.176315307617188,1.5114226341247559,0.9269537925720215,0.01670016348361969,58,2743.0149999998976,Complete
final_C2_L1_resolution_resnet50_cifar10,C2,resnet50,cifar10,1,resolution,T3,42,0.801800012588501,,,1,23.107629776000977,3.9659183025360107,0.882835865020752,0.050380636006593704,60,1857.375,Complete
final_C2_L1_resolution_resnet50_mnist,C2,resnet50,mnist,1,resolution,T3,42,0.9905999898910522,,,1,27.176315307617188,1.5114226341247559,0.9269537925720215,0.01670016348361969,24,768.2039999999106,Complete
final_C2_L1_resolution_transnext_tiny_cifar10,C2,transnext_tiny,cifar10,1,resolution,T3,42,0.8934000134468079,,,1,23.107629776000977,3.9659183025360107,0.882835865020752,0.050380636006593704,46,7138.734000000171,Complete
final_C2_L1_resolution_transnext_tiny_mnist,C2,transnext_tiny,mnist,1,resolution,T3,42,0.9932000041007996,,,1,27.176315307617188,1.5114226341247559,0.9269537925720215,0.01670016348361969,22,3414.65699999989,Complete
final_C2_L1_salt_pepper_densenet121_cifar10,C2,densenet121,cifar10,1,salt_pepper,T3,42,0.8637999892234802,,,1,19.27338409423828,2.0480916500091553,0.8238064050674438,0.04293298348784447,60,2864.25,Complete
final_C2_L1_salt_pepper_densenet121_mnist,C2,densenet121,mnist,1,salt_pepper,T3,42,0.991599977016449,,,1,19.864055633544922,1.1951878070831299,0.8879554271697998,0.022196557372808456,45,2162.7960000000894,Complete
final_C2_L1_salt_pepper_resnet50_cifar10,C2,resnet50,cifar10,1,salt_pepper,T3,42,0.8623999953269958,,,1,19.27338409423828,2.0480916500091553,0.8238064050674438,0.04293298348784447,23,730.2970000000205,Complete
final_C2_L1_salt_pepper_resnet50_mnist,C2,resnet50,mnist,1,salt_pepper,T3,42,0.9914000034332275,,,1,19.864055633544922,1.1951878070831299,0.8879554271697998,0.022196557372808456,28,904.5149999998976,Complete
final_C2_L1_salt_pepper_transnext_tiny_cifar10,C2,transnext_tiny,cifar10,1,salt_pepper,T3,42,0.9520000219345093,,,1,19.27338409423828,2.0480916500091553,0.8238064050674438,0.04293298348784447,27,4215.188000000082,Complete
final_C2_L1_salt_pepper_transnext_tiny_mnist,C2,transnext_tiny,mnist,1,salt_pepper,T3,42,0.9927999973297119,,,1,19.864055633544922,1.1951878070831299,0.8879554271697998,0.022196557372808456,18,2814.6410000000615,Complete
final_C2_L2_blur_densenet121_cifar10,C2,densenet121,cifar10,2,blur,T3,42,0.8565999865531921,,,1,23.74373435974121,4.418142795562744,0.9150587916374207,0.04361850768327713,36,2089.0160000000615,Complete
final_C2_L2_blur_densenet121_mnist,C2,densenet121,mnist,2,blur,T3,42,0.993399977684021,,,1,29.668392181396484,1.2058382034301758,0.9390789866447449,0.012447452172636986,43,2515.0160000000615,Complete
final_C2_L2_blur_resnet50_cifar10,C2,resnet50,cifar10,2,blur,T3,42,0.895799994468689,,,1,23.74373435974121,4.418142795562744,0.9150587916374207,0.04361850768327713,60,2533.594000000041,Complete
final_C2_L2_blur_resnet50_mnist,C2,resnet50,mnist,2,blur,T3,42,0.9926000237464905,,,1,29.668392181396484,1.2058382034301758,0.9390789866447449,0.012447452172636986,20,853.8590000001714,Complete
final_C2_L2_blur_transnext_tiny_cifar10,C2,transnext_tiny,cifar10,2,blur,T3,42,0.9595999717712402,,,1,23.74373435974121,4.418142795562744,0.9150587916374207,0.04361850768327713,48,8033.5470000000205,Complete
final_C2_L2_blur_transnext_tiny_mnist,C2,transnext_tiny,mnist,2,blur,T3,42,0.9937999844551086,,,1,29.668392181396484,1.2058382034301758,0.9390789866447449,0.012447452172636986,27,4528.984000000171,Complete
final_C2_L2_resolution_densenet121_cifar10,C2,densenet121,cifar10,2,resolution,T3,42,0.6403999924659729,,,1,21.223875045776367,3.091702938079834,0.8185006976127625,0.0676179975271225,23,1082.5939999998081,Complete
final_C2_L2_resolution_densenet121_mnist,C2,densenet121,mnist,2,resolution,T3,42,0.9864000082015991,,,1,21.045886993408203,1.5823160409927368,0.8473181128501892,0.035807885229587555,56,2669.312000000151,Complete
final_C2_L2_resolution_resnet50_cifar10,C2,resnet50,cifar10,2,resolution,T3,42,0.6636000275611877,,,1,21.223875045776367,3.091702938079834,0.8185006976127625,0.0676179975271225,41,1276.655999999959,Complete
final_C2_L2_resolution_resnet50_mnist,C2,resnet50,mnist,2,resolution,T3,42,0.9864000082015991,,,1,21.045886993408203,1.5823160409927368,0.8473181128501892,0.035807885229587555,42,1339.719000000041,Complete
final_C2_L2_resolution_transnext_tiny_cifar10,C2,transnext_tiny,cifar10,2,resolution,T3,42,0.7608000040054321,,,1,21.223875045776367,3.091702938079834,0.8185006976127625,0.0676179975271225,30,4667.7970000000205,Complete
final_C2_L2_resolution_transnext_tiny_mnist,C2,transnext_tiny,mnist,2,resolution,T3,42,0.9876000285148621,,,1,21.045886993408203,1.5823160409927368,0.8473181128501892,0.035807885229587555,32,5003.968999999808,Complete
final_C2_L2_salt_pepper_densenet121_cifar10,C2,densenet121,cifar10,2,salt_pepper,T3,42,0.8325999975204468,,,1,17.194427490234375,1.4286632537841797,0.7238960266113281,0.04425666481256485,44,2099.25,Complete
final_C2_L2_salt_pepper_densenet121_mnist,C2,densenet121,mnist,2,salt_pepper,T3,42,0.9919999837875366,,,1,16.933639526367188,0.9559903740882874,0.8195863962173462,0.029703378677368164,43,2076.9529999999795,Complete
final_C2_L2_salt_pepper_resnet50_cifar10,C2,resnet50,cifar10,2,salt_pepper,T3,42,0.8518000245094299,,,1,17.194427490234375,1.4286632537841797,0.7238960266113281,0.04425666481256485,39,1242.2970000000205,Complete
final_C2_L2_salt_pepper_resnet50_mnist,C2,resnet50,mnist,2,salt_pepper,T3,42,0.991599977016449,,,1,16.933639526367188,0.9559903740882874,0.8195863962173462,0.029703378677368164,26,850.2810000001919,Complete
final_C2_L2_salt_pepper_transnext_tiny_cifar10,C2,transnext_tiny,cifar10,2,salt_pepper,T3,42,0.9477999806404114,,,1,17.194427490234375,1.4286632537841797,0.7238960266113281,0.04425666481256485,50,7832.234000000171,Complete
final_C2_L2_salt_pepper_transnext_tiny_mnist,C2,transnext_tiny,mnist,2,salt_pepper,T3,42,0.9914000034332275,,,1,16.933639526367188,0.9559903740882874,0.8195863962173462,0.029703378677368164,17,2671.7039999999106,Complete
final_C2_L3_blur_densenet121_cifar10,C2,densenet121,cifar10,3,blur,T3,42,0.8166000247001648,,,1,22.05458641052246,3.345133066177368,0.854651153087616,0.05653135105967522,51,3041.0,Complete
final_C2_L3_blur_densenet121_mnist,C2,densenet121,mnist,3,blur,T3,42,0.9922000169754028,,,1,22.340272903442383,1.1984068155288696,0.8194277286529541,0.03654633089900017,28,1677.2349999998696,Complete
final_C2_L3_blur_resnet50_cifar10,C2,resnet50,cifar10,3,blur,T3,42,0.8335999846458435,,,1,22.05458641052246,3.345133066177368,0.854651153087616,0.05653135105967522,60,2608.2029999999795,Complete
final_C2_L3_blur_resnet50_mnist,C2,resnet50,mnist,3,blur,T3,42,0.9932000041007996,,,1,22.340272903442383,1.1984068155288696,0.8194277286529541,0.03654633089900017,41,1805.4529999999795,Complete
final_C2_L3_blur_transnext_tiny_cifar10,C2,transnext_tiny,cifar10,3,blur,T3,42,0.9300000071525574,,,1,22.05458641052246,3.345133066177368,0.854651153087616,0.05653135105967522,37,6208.234000000171,Complete
final_C2_L3_blur_transnext_tiny_mnist,C2,transnext_tiny,mnist,3,blur,T3,42,0.9945999979972839,,,1,22.340272903442383,1.1984068155288696,0.8194277286529541,0.03654633089900017,32,5398.375,Complete
final_C2_L3_resolution_densenet121_cifar10,C2,densenet121,cifar10,3,resolution,T3,42,0.5134000182151794,,,1,19.34112548828125,2.649899959564209,0.763430118560791,0.0822787880897522,21,986.6410000000615,Complete
final_C2_L3_resolution_densenet121_mnist,C2,densenet121,mnist,3,resolution,T3,42,0.9430000185966492,,,1,16.372180938720703,1.2291581630706787,0.7302854657173157,0.05480213090777397,57,2715.0160000000615,Complete
final_C2_L3_resolution_resnet50_cifar10,C2,resnet50,cifar10,3,resolution,T3,42,0.5131999850273132,,,1,19.34112548828125,2.649899959564209,0.763430118560791,0.0822787880897522,18,560.344000000041,Complete
final_C2_L3_resolution_resnet50_mnist,C2,resnet50,mnist,3,resolution,T3,42,0.9412000179290771,,,1,16.372180938720703,1.2291581630706787,0.7302854657173157,0.05480213090777397,60,1932.344000000041,Complete
final_C2_L3_resolution_transnext_tiny_cifar10,C2,transnext_tiny,cifar10,3,resolution,T3,42,0.5824000239372253,,,1,19.34112548828125,2.649899959564209,0.763430118560791,0.0822787880897522,24,3727.0779999999795,Complete
final_C2_L3_resolution_transnext_tiny_mnist,C2,transnext_tiny,mnist,3,resolution,T3,42,0.9394000172615051,,,1,16.372180938720703,1.2291581630706787,0.7302854657173157,0.05480213090777397,38,5924.40699999989,Complete
final_C2_L3_salt_pepper_densenet121_cifar10,C2,densenet121,cifar10,3,salt_pepper,T3,42,0.805400013923645,,,1,15.4623441696167,1.0309724807739258,0.6087185144424438,0.043637752532958984,36,1725.0620000001509,Complete
final_C2_L3_salt_pepper_densenet121_mnist,C2,densenet121,mnist,3,salt_pepper,T3,42,0.9919999837875366,,,1,14.693066596984863,0.7136021256446838,0.7361279129981995,0.032651469111442566,40,1936.7030000002123,Complete
final_C2_L3_salt_pepper_resnet50_cifar10,C2,resnet50,cifar10,3,salt_pepper,T3,42,0.8348000049591064,,,1,15.4623441696167,1.0309724807739258,0.6087185144424438,0.043637752532958984,60,1916.0,Complete
final_C2_L3_salt_pepper_resnet50_mnist,C2,resnet50,mnist,3,salt_pepper,T3,42,0.9918000102043152,,,1,14.693066596984863,0.7136021256446838,0.7361279129981995,0.032651469111442566,35,1143.186999999918,Complete
final_C2_L3_salt_pepper_transnext_tiny_cifar10,C2,transnext_tiny,cifar10,3,salt_pepper,T3,42,0.9351999759674072,,,1,15.4623441696167,1.0309724807739258,0.6087185144424438,0.043637752532958984,48,7509.10999999987,Complete
final_C2_L3_salt_pepper_transnext_tiny_mnist,C2,transnext_tiny,mnist,3,salt_pepper,T3,42,0.9919999837875366,,,1,14.693066596984863,0.7136021256446838,0.7361279129981995,0.032651469111442566,22,3454.9529999999795,Complete
final_C2_L4_blur_densenet121_cifar10,C2,densenet121,cifar10,4,blur,T3,42,0.7490000128746033,,,1,20.432926177978516,2.7697925567626953,0.7977003455162048,0.07130687683820724,40,2449.4849999998696,Complete
final_C2_L4_blur_densenet121_mnist,C2,densenet121,mnist,4,blur,T3,42,0.9937999844551086,,,1,18.18025016784668,1.1865499019622803,0.6744004487991333,0.06241026520729065,56,3450.6090000001714,Complete
final_C2_L4_blur_resnet50_cifar10,C2,resnet50,cifar10,4,blur,T3,42,0.7167999744415283,,,1,20.432926177978516,2.7697925567626953,0.7977003455162048,0.07130687683820724,23,1038.0779999999795,Complete
final_C2_L4_blur_resnet50_mnist,C2,resnet50,mnist,4,blur,T3,42,0.9932000041007996,,,1,18.18025016784668,1.1865499019622803,0.6744004487991333,0.06241026520729065,56,2571.2029999999795,Complete
final_C2_L4_blur_transnext_tiny_cifar10,C2,transnext_tiny,cifar10,4,blur,T3,42,0.8802000284194946,,,1,20.432926177978516,2.7697925567626953,0.7977003455162048,0.07130687683820724,60,10192.889999999898,Complete
final_C2_L4_blur_transnext_tiny_mnist,C2,transnext_tiny,mnist,4,blur,T3,42,0.9947999715805054,,,1,18.18025016784668,1.1865499019622803,0.6744004487991333,0.06241026520729065,37,6282.7660000000615,Complete
final_C2_L4_resolution_densenet121_cifar10,C2,densenet121,cifar10,4,resolution,T3,42,0.44440001249313354,,,1,17.785358428955078,2.4716906547546387,0.7286491394042969,0.09208029508590698,22,1035.1719999997877,Complete
final_C2_L4_resolution_densenet121_mnist,C2,densenet121,mnist,4,resolution,T3,42,0.8227999806404114,,,1,13.894586563110352,1.1913241147994995,0.6452706456184387,0.06976142525672913,31,1478.75,Complete
final_C2_L4_resolution_resnet50_cifar10,C2,resnet50,cifar10,4,resolution,T3,42,0.4296000003814697,,,1,17.785358428955078,2.4716906547546387,0.7286491394042969,0.09208029508590698,19,592.3279999999795,Complete
final_C2_L4_resolution_resnet50_mnist,C2,resnet50,mnist,4,resolution,T3,42,0.8123999834060669,,,1,13.894586563110352,1.1913241147994995,0.6452706456184387,0.06976142525672913,26,835.530999999959,Complete
final_C2_L4_resolution_transnext_tiny_cifar10,C2,transnext_tiny,cifar10,4,resolution,T3,42,0.4657999873161316,,,1,17.785358428955078,2.4716906547546387,0.7286491394042969,0.09208029508590698,20,3114.7340000001714,Complete
final_C2_L4_resolution_transnext_tiny_mnist,C2,transnext_tiny,mnist,4,resolution,T3,42,0.8173999786376953,,,1,13.894586563110352,1.1913241147994995,0.6452706456184387,0.06976142525672913,33,5153.062000000151,Complete
final_C2_L4_salt_pepper_densenet121_cifar10,C2,densenet121,cifar10,4,salt_pepper,T3,42,0.7929999828338623,,,1,14.28207778930664,0.8443660140037537,0.5158904790878296,0.04409470409154892,60,2859.3279999999795,Complete
final_C2_L4_salt_pepper_densenet121_mnist,C2,densenet121,mnist,4,salt_pepper,T3,42,0.9908000230789185,,,1,13.237933158874512,0.5960448384284973,0.6629997491836548,0.03421453759074211,35,1686.375,Complete
final_C2_L4_salt_pepper_resnet50_cifar10,C2,resnet50,cifar10,4,salt_pepper,T3,42,0.7785999774932861,,,1,14.28207778930664,0.8443660140037537,0.5158904790878296,0.04409470409154892,38,1208.9370000001509,Complete
final_C2_L4_salt_pepper_resnet50_mnist,C2,resnet50,mnist,4,salt_pepper,T3,42,0.9900000095367432,,,1,13.237933158874512,0.5960448384284973,0.6629997491836548,0.03421453759074211,29,947.6100000001024,Complete
final_C2_L4_salt_pepper_transnext_tiny_cifar10,C2,transnext_tiny,cifar10,4,salt_pepper,T3,42,0.9156000018119812,,,1,14.28207778930664,0.8443660140037537,0.5158904790878296,0.04409470409154892,38,5932.2029999999795,Complete
final_C2_L4_salt_pepper_transnext_tiny_mnist,C2,transnext_tiny,mnist,4,salt_pepper,T3,42,0.9908000230789185,,,1,13.237933158874512,0.5960448384284973,0.6629997491836548,0.03421453759074211,16,2506.3279999999795,Complete
final_C2_L5_blur_densenet121_cifar10,C2,densenet121,cifar10,5,blur,T3,42,0.6460000276565552,,,1,18.92420768737793,2.455846071243286,0.7531248927116394,0.08408302813768387,37,2341.4839999999385,Complete
final_C2_L5_blur_densenet121_mnist,C2,densenet121,mnist,5,blur,T3,42,0.991599977016449,,,1,15.503748893737793,1.253564476966858,0.4959403872489929,0.08473744988441467,33,2111.25,Complete
final_C2_L5_blur_resnet50_cifar10,C2,resnet50,cifar10,5,blur,T3,42,0.5875999927520752,,,1,18.92420768737793,2.455846071243286,0.7531248927116394,0.08408302813768387,39,1848.0780000002123,Complete
final_C2_L5_blur_resnet50_mnist,C2,resnet50,mnist,5,blur,T3,42,0.9886000156402588,,,1,15.503748893737793,1.253564476966858,0.4959403872489929,0.08473744988441467,35,1679.0310000001919,Complete
final_C2_L5_blur_transnext_tiny_cifar10,C2,transnext_tiny,cifar10,5,blur,T3,42,0.7103999853134155,,,1,18.92420768737793,2.455846071243286,0.7531248927116394,0.08408302813768387,40,6862.39000000013,Complete
final_C2_L5_blur_transnext_tiny_mnist,C2,transnext_tiny,mnist,5,blur,T3,42,0.9905999898910522,,,1,15.503748893737793,1.253564476966858,0.4959403872489929,0.08473744988441467,19,3266.2649999998976,Complete
final_C2_L5_resolution_densenet121_cifar10,C2,densenet121,cifar10,5,resolution,T3,42,0.30799999833106995,,,1,15.079986572265625,2.4907376766204834,0.6810494661331177,0.10804712772369385,27,1272.469000000041,Complete
final_C2_L5_resolution_densenet121_mnist,C2,densenet121,mnist,5,resolution,T3,42,0.45019999146461487,,,1,11.120914459228516,1.8049064874649048,0.5071371793746948,0.10736065357923508,23,1092.8910000000615,Complete
final_C2_L5_resolution_resnet50_cifar10,C2,resnet50,cifar10,5,resolution,T3,42,0.30160000920295715,,,1,15.079986572265625,2.4907376766204834,0.6810494661331177,0.10804712772369385,27,839.8279999999795,Complete
final_C2_L5_resolution_resnet50_mnist,C2,resnet50,mnist,5,resolution,T3,42,0.4553999900817871,,,1,11.120914459228516,1.8049064874649048,0.5071371793746948,0.10736065357923508,22,704.2650000001304,Complete
final_C2_L5_resolution_transnext_tiny_cifar10,C2,transnext_tiny,cifar10,5,resolution,T3,42,0.305400013923645,,,1,15.079986572265625,2.4907376766204834,0.6810494661331177,0.10804712772369385,21,3262.3590000001714,Complete
final_C2_L5_resolution_transnext_tiny_mnist,C2,transnext_tiny,mnist,5,resolution,T3,42,0.4560000002384186,,,1,11.120914459228516,1.8049064874649048,0.5071371793746948,0.10736065357923508,34,5300.312999999849,Complete
final_C2_L5_salt_pepper_densenet121_cifar10,C2,densenet121,cifar10,5,salt_pepper,T3,42,0.7778000235557556,,,1,13.352895736694336,0.7394314408302307,0.4368789494037628,0.04474220797419548,60,2861.937999999849,Complete
final_C2_L5_salt_pepper_densenet121_mnist,C2,densenet121,mnist,5,salt_pepper,T3,42,0.9905999898910522,,,1,12.131564140319824,0.5293362140655518,0.5962540507316589,0.03499796986579895,35,1694.28199999989,Complete
final_C2_L5_salt_pepper_resnet50_cifar10,C2,resnet50,cifar10,5,salt_pepper,T3,42,0.7468000054359436,,,1,13.352895736694336,0.7394314408302307,0.4368789494037628,0.04474220797419548,53,1691.0780000002123,Complete
final_C2_L5_salt_pepper_resnet50_mnist,C2,resnet50,mnist,5,salt_pepper,T3,42,0.9900000095367432,,,1,12.131564140319824,0.5293362140655518,0.5962540507316589,0.03499796986579895,38,1227.2340000001714,Complete
final_C2_L5_salt_pepper_transnext_tiny_cifar10,C2,transnext_tiny,cifar10,5,salt_pepper,T3,42,0.895799994468689,,,1,13.352895736694336,0.7394314408302307,0.4368789494037628,0.04474220797419548,30,4683.5160000000615,Complete
final_C2_L5_salt_pepper_transnext_tiny_mnist,C2,transnext_tiny,mnist,5,salt_pepper,T3,42,0.9908000230789185,,,1,12.131564140319824,0.5293362140655518,0.5962540507316589,0.03499796986579895,24,3761.4529999999795,Complete
final_C_L1_blur_densenet121_cifar10,C,densenet121,cifar10,1,blur,,42,0.9053999781608582,,,1,41.982208251953125,2.542469024658203,0.9832876920700073,0.006734228227287531,24,1334.594000000041,Complete
final_C_L1_blur_densenet121_mnist,C,densenet121,mnist,1,blur,,42,0.9905999898910522,,,1,36.552574157714844,1.4881840944290161,0.9759203195571899,0.00622783787548542,20,1118.2820000000065,Complete
final_C_L1_blur_resnet50_cifar10,C,resnet50,cifar10,1,blur,,42,0.9354000091552734,,,1,41.982208251953125,2.542469024658203,0.9832876920700073,0.006734228227287531,60,2337.8130000000237,Complete
final_C_L1_blur_resnet50_mnist,C,resnet50,mnist,1,blur,,42,0.9932000041007996,,,1,36.552574157714844,1.4881840944290161,0.9759203195571899,0.00622783787548542,31,1223.3129999999655,Complete
final_C_L1_blur_transnext_tiny_cifar10,C,transnext_tiny,cifar10,1,blur,,42,0.9765999913215637,,,1,41.982208251953125,2.542469024658203,0.9832876920700073,0.006734228227287531,15,2449.704000000027,Complete
final_C_L1_blur_transnext_tiny_mnist,C,transnext_tiny,mnist,1,blur,,42,0.9923999905586243,,,1,36.552574157714844,1.4881840944290161,0.9759203195571899,0.00622783787548542,27,4422.406000000017,Complete
final_C_L1_noise_densenet121_cifar10,C,densenet121,cifar10,1,noise,,42,0.88919997215271,,,1,28.600540161132812,0.41983097791671753,0.8405019640922546,0.020845919847488403,36,1637.015000000014,Complete
final_C_L1_noise_densenet121_mnist,C,densenet121,mnist,1,noise,,42,0.993399977684021,,,1,29.475852966308594,0.7353115081787109,0.6009330153465271,0.02735178731381893,27,1236.375,Complete
final_C_L1_noise_resnet50_cifar10,C,resnet50,cifar10,1,noise,,42,0.8913999795913696,,,1,28.600540161132812,0.41983097791671753,0.8405019640922546,0.020845919847488403,23,683.0779999999795,Complete
final_C_L1_noise_resnet50_mnist,C,resnet50,mnist,1,noise,,42,0.9909999966621399,,,1,29.475852966308594,0.7353115081787109,0.6009330153465271,0.02735178731381893,31,951.484000000055,Complete
final_C_L1_noise_transnext_tiny_cifar10,C,transnext_tiny,cifar10,1,noise,,42,0.9598000049591064,,,1,28.600540161132812,0.41983097791671753,0.8405019640922546,0.020845919847488403,27,4143.640000000014,Complete
final_C_L1_noise_transnext_tiny_mnist,C,transnext_tiny,mnist,1,noise,,42,0.991599977016449,,,1,29.475852966308594,0.7353115081787109,0.6009330153465271,0.02735178731381893,23,3544.0629999999655,Complete
final_C_L1_resolution_densenet121_cifar10,C,densenet121,cifar10,1,resolution,,42,0.8651999831199646,,,1,30.781888961791992,2.695894718170166,0.9167695641517639,0.03476459160447121,35,1559.094000000041,Complete
final_C_L1_resolution_densenet121_mnist,C,densenet121,mnist,1,resolution,,42,0.9922000169754028,,,1,27.17656898498535,1.5116242170333862,0.9269548654556274,0.01670055463910103,41,1876.9060000000172,Complete
final_C_L1_resolution_resnet50_cifar10,C,resnet50,cifar10,1,resolution,,42,0.8799999952316284,,,1,30.781888961791992,2.695894718170166,0.9167695641517639,0.03476459160447121,52,1508.0619999999763,Complete
final_C_L1_resolution_resnet50_mnist,C,resnet50,mnist,1,resolution,,42,0.9883999824523926,,,1,27.17656898498535,1.5116242170333862,0.9269548654556274,0.01670055463910103,13,388.2820000000065,Complete
final_C_L1_resolution_transnext_tiny_cifar10,C,transnext_tiny,cifar10,1,resolution,,42,0.9513999819755554,,,1,30.781888961791992,2.695894718170166,0.9167695641517639,0.03476459160447121,16,2453.375,Complete
final_C_L1_resolution_transnext_tiny_mnist,C,transnext_tiny,mnist,1,resolution,,42,0.9914000034332275,,,1,27.17656898498535,1.5116242170333862,0.9269548654556274,0.01670055463910103,29,4463.061999999976,Complete
final_C_L1_salt_pepper_densenet121_cifar10,C,densenet121,cifar10,1,salt_pepper,,42,0.9071999788284302,,,1,21.655563354492188,1.1003608703613281,0.8584103584289551,0.023474643006920815,37,1690.655999999959,Complete
final_C_L1_salt_pepper_densenet121_mnist,C,densenet121,mnist,1,salt_pepper,,42,0.9918000102043152,,,1,19.863862991333008,1.1951278448104858,0.8879556059837341,0.02219664305448532,27,1245.109000000055,Complete
final_C_L1_salt_pepper_resnet50_cifar10,C,resnet50,cifar10,1,salt_pepper,,42,0.90420001745224,,,1,21.655563354492188,1.1003608703613281,0.8584103584289551,0.023474643006920815,17,511.0,Complete
final_C_L1_salt_pepper_resnet50_mnist,C,resnet50,mnist,1,salt_pepper,,42,0.9908000230789185,,,1,19.863862991333008,1.1951278448104858,0.8879556059837341,0.02219664305448532,37,1151.796999999904,Complete
final_C_L1_salt_pepper_transnext_tiny_cifar10,C,transnext_tiny,cifar10,1,salt_pepper,,42,0.9728000164031982,,,1,21.655563354492188,1.1003608703613281,0.8584103584289551,0.023474643006920815,24,3690.780999999959,Complete
final_C_L1_salt_pepper_transnext_tiny_mnist,C,transnext_tiny,mnist,1,salt_pepper,,42,0.9900000095367432,,,1,19.863862991333008,1.1951278448104858,0.8879556059837341,0.02219664305448532,16,2471.0,Complete
final_C_L1_saturation_densenet121_cifar10,C,densenet121,cifar10,1,saturation,,42,0.91839998960495,,,1,36.44712829589844,2.3874619007110596,0.9746992588043213,0.009674963541328907,37,1708.3279999999795,Complete
final_C_L1_saturation_densenet121_mnist,C,densenet121,mnist,1,saturation,,42,0.9932000041007996,,,1,32.353492736816406,1.6432890892028809,0.9630127549171448,0.01046804804354906,28,1309.875,Complete
final_C_L1_saturation_resnet50_cifar10,C,resnet50,cifar10,1,saturation,,42,0.9205999970436096,,,1,36.44712829589844,2.3874619007110596,0.9746992588043213,0.009674963541328907,14,415.6720000000205,Complete
final_C_L1_saturation_resnet50_mnist,C,resnet50,mnist,1,saturation,,42,0.9894000291824341,,,1,32.353492736816406,1.6432890892028809,0.9630127549171448,0.01046804804354906,13,397.81299999996554,Complete
final_C_L1_saturation_transnext_tiny_cifar10,C,transnext_tiny,cifar10,1,saturation,,42,0.979200005531311,,,1,36.44712829589844,2.3874619007110596,0.9746992588043213,0.009674963541328907,17,2621.3130000000237,Complete
final_C_L1_saturation_transnext_tiny_mnist,C,transnext_tiny,mnist,1,saturation,,42,0.9936000108718872,,,1,32.353492736816406,1.6432890892028809,0.9630127549171448,0.01046804804354906,30,4640.453000000038,Complete
final_C_L2_blur_densenet121_cifar10,C,densenet121,cifar10,2,blur,,42,0.9039999842643738,,,1,33.575157165527344,2.5864248275756836,0.9518495798110962,0.020485982298851013,44,2489.4689999999828,Complete
final_C_L2_blur_densenet121_mnist,C,densenet121,mnist,2,blur,,42,0.993399977684021,,,1,29.670940399169922,1.206032156944275,0.9390783309936523,0.012447412125766277,24,1366.5929999999935,Complete
final_C_L2_blur_resnet50_cifar10,C,resnet50,cifar10,2,blur,,42,0.8988000154495239,,,1,33.575157165527344,2.5864248275756836,0.9518495798110962,0.020485982298851013,17,679.1560000000172,Complete
final_C_L2_blur_resnet50_mnist,C,resnet50,mnist,2,blur,,42,0.9914000034332275,,,1,29.670940399169922,1.206032156944275,0.9390783309936523,0.012447412125766277,24,964.7030000000377,Complete
final_C_L2_blur_transnext_tiny_cifar10,C,transnext_tiny,cifar10,2,blur,,42,0.9724000096321106,,,1,33.575157165527344,2.5864248275756836,0.9518495798110962,0.020485982298851013,14,2296.359999999986,Complete
final_C_L2_blur_transnext_tiny_mnist,C,transnext_tiny,mnist,2,blur,,42,0.9896000027656555,,,1,29.670940399169922,1.206032156944275,0.9390783309936523,0.012447412125766277,17,2794.2030000000377,Complete
final_C_L2_noise_densenet121_cifar10,C,densenet121,cifar10,2,noise,,42,0.8363999724388123,,,1,23.339492797851562,0.36355552077293396,0.6418746709823608,0.03796744719147682,39,1769.0310000000754,Complete
final_C_L2_noise_densenet121_mnist,C,densenet121,mnist,2,noise,,42,0.9926000237464905,,,1,25.3553524017334,0.2997320294380188,0.47979599237442017,0.03303335979580879,25,1155.9370000000345,Complete
final_C_L2_noise_resnet50_cifar10,C,resnet50,cifar10,2,noise,,42,0.847000002861023,,,1,23.339492797851562,0.36355552077293396,0.6418746709823608,0.03796744719147682,20,599.109999999986,Complete
final_C_L2_noise_resnet50_mnist,C,resnet50,mnist,2,noise,,42,0.991599977016449,,,1,25.3553524017334,0.2997320294380188,0.47979599237442017,0.03303335979580879,26,790.765999999945,Complete
final_C_L2_noise_transnext_tiny_cifar10,C,transnext_tiny,cifar10,2,noise,,42,0.9333999752998352,,,1,23.339492797851562,0.36355552077293396,0.6418746709823608,0.03796744719147682,19,2913.7970000000205,Complete
final_C_L2_noise_transnext_tiny_mnist,C,transnext_tiny,mnist,2,noise,,42,0.9927999973297119,,,1,25.3553524017334,0.2997320294380188,0.47979599237442017,0.03303335979580879,32,4927.1879999999655,Complete
final_C_L2_resolution_densenet121_cifar10,C,densenet121,cifar10,2,resolution,,42,0.7960000038146973,,,1,25.328777313232422,2.6504807472229004,0.8454626798629761,0.05992923304438591,52,2361.625,Complete
final_C_L2_resolution_densenet121_mnist,C,densenet121,mnist,2,resolution,,42,0.9861999750137329,,,1,21.045900344848633,1.582413911819458,0.8473184704780579,0.03580872714519501,52,2386.0,Complete
final_C_L2_resolution_resnet50_cifar10,C,resnet50,cifar10,2,resolution,,42,0.7897999882698059,,,1,25.328777313232422,2.6504807472229004,0.8454626798629761,0.05992923304438591,22,639.9220000000205,Complete
final_C_L2_resolution_resnet50_mnist,C,resnet50,mnist,2,resolution,,42,0.9850000143051147,,,1,21.045900344848633,1.582413911819458,0.8473184704780579,0.03580872714519501,37,1103.6410000000033,Complete
final_C_L2_resolution_transnext_tiny_cifar10,C,transnext_tiny,cifar10,2,resolution,,42,0.8862000107765198,,,1,25.328777313232422,2.6504807472229004,0.8454626798629761,0.05992923304438591,20,3068.045999999973,Complete
final_C_L2_resolution_transnext_tiny_mnist,C,transnext_tiny,mnist,2,resolution,,42,0.9807999730110168,,,1,21.045900344848633,1.582413911819458,0.8473184704780579,0.03580872714519501,20,3077.609999999986,Complete
final_C_L2_salt_pepper_densenet121_cifar10,C,densenet121,cifar10,2,salt_pepper,,42,0.8898000121116638,,,1,18.614337921142578,0.8729439973831177,0.7545133829116821,0.0316510945558548,45,2060.2810000000754,Complete
final_C_L2_salt_pepper_densenet121_mnist,C,densenet121,mnist,2,salt_pepper,,42,0.9914000034332275,,,1,16.933563232421875,0.9559600949287415,0.8195873498916626,0.029703263193368912,41,1897.2029999999795,Complete
final_C_L2_salt_pepper_resnet50_cifar10,C,resnet50,cifar10,2,salt_pepper,,42,0.8992000222206116,,,1,18.614337921142578,0.8729439973831177,0.7545133829116821,0.0316510945558548,33,999.234999999986,Complete
final_C_L2_salt_pepper_resnet50_mnist,C,resnet50,mnist,2,salt_pepper,,42,0.989799976348877,,,1,16.933563232421875,0.9559600949287415,0.8195873498916626,0.029703263193368912,27,834.265000000014,Complete
final_C_L2_salt_pepper_transnext_tiny_cifar10,C,transnext_tiny,cifar10,2,salt_pepper,,42,0.9660000205039978,,,1,18.614337921142578,0.8729439973831177,0.7545133829116821,0.0316510945558548,15,2305.2660000000615,Complete
final_C_L2_salt_pepper_transnext_tiny_mnist,C,transnext_tiny,mnist,2,salt_pepper,,42,0.991599977016449,,,1,16.933563232421875,0.9559600949287415,0.8195873498916626,0.029703263193368912,46,7093.594000000041,Complete
final_C_L2_saturation_densenet121_cifar10,C,densenet121,cifar10,2,saturation,,42,0.9142000079154968,,,1,31.342334747314453,3.4164483547210693,0.9684880375862122,0.014231082983314991,41,1897.2970000000205,Complete
final_C_L2_saturation_densenet121_mnist,C,densenet121,mnist,2,saturation,,42,0.9923999905586243,,,1,32.35470199584961,1.643362283706665,0.9630130529403687,0.01046779751777649,22,1030.8119999999763,Complete
final_C_L2_saturation_resnet50_cifar10,C,resnet50,cifar10,2,saturation,,42,0.9282000064849854,,,1,31.342334747314453,3.4164483547210693,0.9684880375862122,0.014231082983314991,14,419.65600000001723,Complete
final_C_L2_saturation_resnet50_mnist,C,resnet50,mnist,2,saturation,,42,0.9918000102043152,,,1,32.35470199584961,1.643362283706665,0.9630130529403687,0.01046779751777649,21,642.1879999999655,Complete
final_C_L2_saturation_transnext_tiny_cifar10,C,transnext_tiny,cifar10,2,saturation,,42,0.9778000116348267,,,1,31.342334747314453,3.4164483547210693,0.9684880375862122,0.014231082983314991,13,1998.469000000041,Complete
final_C_L2_saturation_transnext_tiny_mnist,C,transnext_tiny,mnist,2,saturation,,42,0.9896000027656555,,,1,32.35470199584961,1.643362283706665,0.9630130529403687,0.01046779751777649,14,2158.875,Complete
final_C_L3_blur_densenet121_cifar10,C,densenet121,cifar10,3,blur,,42,0.8644000291824341,,,1,27.223888397216797,2.535698890686035,0.8847867846488953,0.044936876744031906,36,2083.2030000000377,Complete
final_C_L3_blur_densenet121_mnist,C,densenet121,mnist,3,blur,,42,0.9896000027656555,,,1,22.34144401550293,1.198505163192749,0.8194273710250854,0.03654605522751808,23,1341.1410000000033,Complete
final_C_L3_blur_resnet50_cifar10,C,resnet50,cifar10,3,blur,,42,0.8677999973297119,,,1,27.223888397216797,2.535698890686035,0.8847867846488953,0.044936876744031906,31,1280.7339999999967,Complete
final_C_L3_blur_resnet50_mnist,C,resnet50,mnist,3,blur,,42,0.9918000102043152,,,1,22.34144401550293,1.198505163192749,0.8194273710250854,0.03654605522751808,31,1291.5310000000172,Complete
final_C_L3_blur_transnext_tiny_cifar10,C,transnext_tiny,cifar10,3,blur,,42,0.9495999813079834,,,1,27.223888397216797,2.535698890686035,0.8847867846488953,0.044936876744031906,15,2476.234000000055,Complete
final_C_L3_blur_transnext_tiny_mnist,C,transnext_tiny,mnist,3,blur,,42,0.9914000034332275,,,1,22.34144401550293,1.198505163192749,0.8194273710250854,0.03654605522751808,22,3646.421999999904,Complete
final_C_L3_noise_densenet121_cifar10,C,densenet121,cifar10,3,noise,,42,0.7954000234603882,,,1,20.11908531188965,0.4165133535861969,0.48854246735572815,0.04692786559462547,34,1545.890999999945,Complete
final_C_L3_noise_densenet121_mnist,C,densenet121,mnist,3,noise,,42,0.9923999905586243,,,1,22.232688903808594,0.21163788437843323,0.41287311911582947,0.0333477258682251,42,1925.0779999999795,Complete
final_C_L3_noise_resnet50_cifar10,C,resnet50,cifar10,3,noise,,42,0.7806000113487244,,,1,20.11908531188965,0.4165133535861969,0.48854246735572815,0.04692786559462547,17,507.43799999996554,Complete
final_C_L3_noise_resnet50_mnist,C,resnet50,mnist,3,noise,,42,0.9909999966621399,,,1,22.232688903808594,0.21163788437843323,0.41287311911582947,0.0333477258682251,25,765.9070000000065,Complete
final_C_L3_noise_transnext_tiny_cifar10,C,transnext_tiny,cifar10,3,noise,,42,0.8939999938011169,,,1,20.11908531188965,0.4165133535861969,0.48854246735572815,0.04692786559462547,16,2456.7970000000205,Complete
final_C_L3_noise_transnext_tiny_mnist,C,transnext_tiny,mnist,3,noise,,42,0.9923999905586243,,,1,22.232688903808594,0.21163788437843323,0.41287311911582947,0.0333477258682251,32,4928.844000000041,Complete
final_C_L3_resolution_densenet121_cifar10,C,densenet121,cifar10,3,resolution,,42,0.676800012588501,,,1,21.754364013671875,2.637774705886841,0.7844178676605225,0.07898879796266556,19,862.75,Complete
final_C_L3_resolution_densenet121_mnist,C,densenet121,mnist,3,resolution,,42,0.9359999895095825,,,1,16.37200164794922,1.229188084602356,0.7302846908569336,0.054802484810352325,53,2442.6880000000237,Complete
final_C_L3_resolution_resnet50_cifar10,C,resnet50,cifar10,3,resolution,,42,0.6845999956130981,,,1,21.754364013671875,2.637774705886841,0.7844178676605225,0.07898879796266556,23,670.1720000000205,Complete
final_C_L3_resolution_resnet50_mnist,C,resnet50,mnist,3,resolution,,42,0.9348000288009644,,,1,16.37200164794922,1.229188084602356,0.7302846908569336,0.054802484810352325,49,1464.2970000000205,Complete
final_C_L3_resolution_transnext_tiny_cifar10,C,transnext_tiny,cifar10,3,resolution,,42,0.7964000105857849,,,1,21.754364013671875,2.637774705886841,0.7844178676605225,0.07898879796266556,37,5653.406000000017,Complete
final_C_L3_resolution_transnext_tiny_mnist,C,transnext_tiny,mnist,3,resolution,,42,0.9247999787330627,,,1,16.37200164794922,1.229188084602356,0.7302846908569336,0.054802484810352325,16,2454.984999999986,Complete
final_C_L3_salt_pepper_densenet121_cifar10,C,densenet121,cifar10,3,salt_pepper,,42,0.8795999884605408,,,1,16.383773803710938,0.7016091346740723,0.6348656415939331,0.03523065522313118,49,2236.686999999918,Complete
final_C_L3_salt_pepper_densenet121_mnist,C,densenet121,mnist,3,salt_pepper,,42,0.9905999898910522,,,1,14.693042755126953,0.7135916352272034,0.7361297607421875,0.032651569694280624,46,2126.625,Complete
final_C_L3_salt_pepper_resnet50_cifar10,C,resnet50,cifar10,3,salt_pepper,,42,0.8651999831199646,,,1,16.383773803710938,0.7016091346740723,0.6348656415939331,0.03523065522313118,18,545.5320000000065,Complete
final_C_L3_salt_pepper_resnet50_mnist,C,resnet50,mnist,3,salt_pepper,,42,0.9887999892234802,,,1,14.693042755126953,0.7135916352272034,0.7361297607421875,0.032651569694280624,31,971.2029999999795,Complete
final_C_L3_salt_pepper_transnext_tiny_cifar10,C,transnext_tiny,cifar10,3,salt_pepper,,42,0.954800009727478,,,1,16.383773803710938,0.7016091346740723,0.6348656415939331,0.03523065522313118,13,1998.844000000041,Complete
final_C_L3_salt_pepper_transnext_tiny_mnist,C,transnext_tiny,mnist,3,salt_pepper,,42,0.9882000088691711,,,1,14.693042755126953,0.7135916352272034,0.7361297607421875,0.032651569694280624,18,2778.3279999999795,Complete
final_C_L3_saturation_densenet121_cifar10,C,densenet121,cifar10,3,saturation,,42,0.9165999889373779,,,1,27.94279670715332,4.2279229164123535,0.9583484530448914,0.022430675104260445,45,2068.9530000000377,Complete
final_C_L3_saturation_densenet121_mnist,C,densenet121,mnist,3,saturation,,42,0.9926000237464905,,,1,32.355709075927734,1.6434228420257568,0.9630131721496582,0.010467806831002235,37,1727.2189999999828,Complete
final_C_L3_saturation_resnet50_cifar10,C,resnet50,cifar10,3,saturation,,42,0.925599992275238,,,1,27.94279670715332,4.2279229164123535,0.9583484530448914,0.022430675104260445,17,509.78100000001723,Complete
final_C_L3_saturation_resnet50_mnist,C,resnet50,mnist,3,saturation,,42,0.9936000108718872,,,1,32.355709075927734,1.6434228420257568,0.9630131721496582,0.010467806831002235,19,580.5619999999763,Complete
final_C_L3_saturation_transnext_tiny_cifar10,C,transnext_tiny,cifar10,3,saturation,,42,0.9753999710083008,,,1,27.94279670715332,4.2279229164123535,0.9583484530448914,0.022430675104260445,14,2158.280999999959,Complete
final_C_L3_saturation_transnext_tiny_mnist,C,transnext_tiny,mnist,3,saturation,,42,0.9918000102043152,,,1,32.355709075927734,1.6434228420257568,0.9630131721496582,0.010467806831002235,22,3402.3279999999795,Complete
final_C_L4_blur_densenet121_cifar10,C,densenet121,cifar10,4,blur,,42,0.8203999996185303,,,1,23.633243560791016,2.5236971378326416,0.8216713070869446,0.06562981009483337,41,2448.6560000000172,Complete
final_C_L4_blur_densenet121_mnist,C,densenet121,mnist,4,blur,,42,0.9927999973297119,,,1,18.180816650390625,1.1865705251693726,0.674399733543396,0.06240999698638916,44,2643.9689999999828,Complete
final_C_L4_blur_resnet50_cifar10,C,resnet50,cifar10,4,blur,,42,0.8145999908447266,,,1,23.633243560791016,2.5236971378326416,0.8216713070869446,0.06562981009483337,44,1881.6719999999623,Complete
final_C_L4_blur_resnet50_mnist,C,resnet50,mnist,4,blur,,42,0.9919999837875366,,,1,18.180816650390625,1.1865705251693726,0.674399733543396,0.06240999698638916,34,1477.7649999999558,Complete
final_C_L4_blur_transnext_tiny_cifar10,C,transnext_tiny,cifar10,4,blur,,42,0.9088000059127808,,,1,23.633243560791016,2.5236971378326416,0.8216713070869446,0.06562981009483337,29,4852.671999999904,Complete
final_C_L4_blur_transnext_tiny_mnist,C,transnext_tiny,mnist,4,blur,,42,0.9927999973297119,,,1,18.180816650390625,1.1865705251693726,0.674399733543396,0.06240999698638916,36,6032.859000000055,Complete
final_C_L4_noise_densenet121_cifar10,C,densenet121,cifar10,4,noise,,42,0.7505999803543091,,,1,17.870250701904297,0.43945324420928955,0.3810991048812866,0.049518898129463196,36,1626.6720000000205,Complete
final_C_L4_noise_densenet121_mnist,C,densenet121,mnist,4,noise,,42,0.993399977684021,,,1,19.858911514282227,0.19559316337108612,0.3662882447242737,0.0320708230137825,42,1926.125,Complete
final_C_L4_noise_resnet50_cifar10,C,resnet50,cifar10,4,noise,,42,0.7275999784469604,,,1,17.870250701904297,0.43945324420928955,0.3810991048812866,0.049518898129463196,15,445.76500000001397,Complete
final_C_L4_noise_resnet50_mnist,C,resnet50,mnist,4,noise,,42,0.9909999966621399,,,1,19.858911514282227,0.19559316337108612,0.3662882447242737,0.0320708230137825,27,825.7029999999795,Complete
final_C_L4_noise_transnext_tiny_cifar10,C,transnext_tiny,cifar10,4,noise,,42,0.8597999811172485,,,1,17.870250701904297,0.43945324420928955,0.3810991048812866,0.049518898129463196,15,2302.030999999959,Complete
final_C_L4_noise_transnext_tiny_mnist,C,transnext_tiny,mnist,4,noise,,42,0.991599977016449,,,1,19.858911514282227,0.19559316337108612,0.3662882447242737,0.0320708230137825,40,6161.265000000014,Complete
final_C_L4_resolution_densenet121_cifar10,C,densenet121,cifar10,4,resolution,,42,0.5776000022888184,,,1,19.420162200927734,2.6702418327331543,0.7452123761177063,0.09095361083745956,17,771.2029999999795,Complete
final_C_L4_resolution_densenet121_mnist,C,densenet121,mnist,4,resolution,,42,0.8131999969482422,,,1,13.894357681274414,1.1913337707519531,0.6452682018280029,0.06976152211427689,30,1381.0629999999655,Complete
final_C_L4_resolution_resnet50_cifar10,C,resnet50,cifar10,4,resolution,,42,0.6050000190734863,,,1,19.420162200927734,2.6702418327331543,0.7452123761177063,0.09095361083745956,60,1739.6410000000033,Complete
final_C_L4_resolution_resnet50_mnist,C,resnet50,mnist,4,resolution,,42,0.8122000098228455,,,1,13.894357681274414,1.1913337707519531,0.6452682018280029,0.06976152211427689,43,1281.7810000000172,Complete
final_C_L4_resolution_transnext_tiny_cifar10,C,transnext_tiny,cifar10,4,resolution,,42,0.6840000152587891,,,1,19.420162200927734,2.6702418327331543,0.7452123761177063,0.09095361083745956,33,5059.9370000000345,Complete
final_C_L4_resolution_transnext_tiny_mnist,C,transnext_tiny,mnist,4,resolution,,42,0.8008000254631042,,,1,13.894357681274414,1.1913337707519531,0.6452682018280029,0.06976152211427689,16,2462.7970000000205,Complete
final_C_L4_salt_pepper_densenet121_cifar10,C,densenet121,cifar10,4,salt_pepper,,42,0.8644000291824341,,,1,14.95685863494873,0.6035389304161072,0.5382793545722961,0.038013212382793427,44,2014.390999999945,Complete
final_C_L4_salt_pepper_densenet121_mnist,C,densenet121,mnist,4,salt_pepper,,42,0.9876000285148621,,,1,13.237927436828613,0.5960397124290466,0.6630023717880249,0.034214358776807785,20,924.436999999918,Complete
final_C_L4_salt_pepper_resnet50_cifar10,C,resnet50,cifar10,4,salt_pepper,,42,0.8464000225067139,,,1,14.95685863494873,0.6035389304161072,0.5382793545722961,0.038013212382793427,21,636.875,Complete
final_C_L4_salt_pepper_resnet50_mnist,C,resnet50,mnist,4,salt_pepper,,42,0.9890000224113464,,,1,13.237927436828613,0.5960397124290466,0.6630023717880249,0.034214358776807785,31,966.2970000000205,Complete
final_C_L4_salt_pepper_transnext_tiny_cifar10,C,transnext_tiny,cifar10,4,salt_pepper,,42,0.9473999738693237,,,1,14.95685863494873,0.6035389304161072,0.5382793545722961,0.038013212382793427,28,4299.1870000000345,Complete
final_C_L4_salt_pepper_transnext_tiny_mnist,C,transnext_tiny,mnist,4,salt_pepper,,42,0.9876000285148621,,,1,13.237927436828613,0.5960397124290466,0.6630023717880249,0.034214358776807785,19,2926.0620000000345,Complete
final_C_L4_saturation_densenet121_cifar10,C,densenet121,cifar10,4,saturation,,42,0.9129999876022339,,,1,25.413484573364258,4.716719150543213,0.9450103044509888,0.03320080041885376,35,1618.4530000000377,Complete
final_C_L4_saturation_densenet121_mnist,C,densenet121,mnist,4,saturation,,42,0.9927999973297119,,,1,32.35671615600586,1.6434836387634277,0.9630134701728821,0.010467670857906342,45,2098.6869999999763,Complete
final_C_L4_saturation_resnet50_cifar10,C,resnet50,cifar10,4,saturation,,42,0.9178000092506409,,,1,25.413484573364258,4.716719150543213,0.9450103044509888,0.03320080041885376,18,539.2030000000377,Complete
final_C_L4_saturation_resnet50_mnist,C,resnet50,mnist,4,saturation,,42,0.9918000102043152,,,1,32.35671615600586,1.6434836387634277,0.9630134701728821,0.010467670857906342,13,397.15600000001723,Complete
final_C_L4_saturation_transnext_tiny_cifar10,C,transnext_tiny,cifar10,4,saturation,,42,0.975600004196167,,,1,25.413484573364258,4.716719150543213,0.9450103044509888,0.03320080041885376,14,2157.686999999918,Complete
final_C_L4_saturation_transnext_tiny_mnist,C,transnext_tiny,mnist,4,saturation,,42,0.9923999905586243,,,1,32.35671615600586,1.6434836387634277,0.9630134701728821,0.010467670857906342,19,2937.734000000055,Complete
final_C_L5_blur_densenet121_cifar10,C,densenet121,cifar10,5,blur,,42,0.7142000198364258,,,1,21.055660247802734,2.5229697227478027,0.7721232771873474,0.08173324167728424,21,1300.765000000014,Complete
final_C_L5_blur_densenet121_mnist,C,densenet121,mnist,5,blur,,42,0.9846000075340271,,,1,15.504034996032715,1.2535494565963745,0.49593642354011536,0.08473728597164154,19,1185.0779999999795,Complete
final_C_L5_blur_resnet50_cifar10,C,resnet50,cifar10,5,blur,,42,0.7098000049591064,,,1,21.055660247802734,2.5229697227478027,0.7721232771873474,0.08173324167728424,39,1776.375,Complete
final_C_L5_blur_resnet50_mnist,C,resnet50,mnist,5,blur,,42,0.9882000088691711,,,1,15.504034996032715,1.2535494565963745,0.49593642354011536,0.08473728597164154,31,1413.6720000000205,Complete
final_C_L5_blur_transnext_tiny_cifar10,C,transnext_tiny,cifar10,5,blur,,42,0.824400007724762,,,1,21.055660247802734,2.5229697227478027,0.7721232771873474,0.08173324167728424,22,3713.875,Complete
final_C_L5_blur_transnext_tiny_mnist,C,transnext_tiny,mnist,5,blur,,42,0.9905999898910522,,,1,15.504034996032715,1.2535494565963745,0.49593642354011536,0.08473728597164154,60,10158.780999999959,Complete
final_C_L5_noise_densenet121_cifar10,C,densenet121,cifar10,5,noise,,42,0.6845999956130981,,,1,15.49093246459961,0.42596572637557983,0.2772984504699707,0.04768216609954834,36,1630.859000000055,Complete
final_C_L5_noise_densenet121_mnist,C,densenet121,mnist,5,noise,,42,0.9927999973297119,,,1,17.161060333251953,0.19265809655189514,0.31492114067077637,0.02925056777894497,49,2250.5779999999795,Complete
final_C_L5_noise_resnet50_cifar10,C,resnet50,cifar10,5,noise,,42,0.6687999963760376,,,1,15.49093246459961,0.42596572637557983,0.2772984504699707,0.04768216609954834,30,896.2970000000205,Complete
final_C_L5_noise_resnet50_mnist,C,resnet50,mnist,5,noise,,42,0.9896000027656555,,,1,17.161060333251953,0.19265809655189514,0.31492114067077637,0.02925056777894497,19,578.5779999999795,Complete
final_C_L5_noise_transnext_tiny_cifar10,C,transnext_tiny,cifar10,5,noise,,42,0.8008000254631042,,,1,15.49093246459961,0.42596572637557983,0.2772984504699707,0.04768216609954834,60,9168.04700000002,Complete
final_C_L5_noise_transnext_tiny_mnist,C,transnext_tiny,mnist,5,noise,,42,0.9914000034332275,,,1,17.161060333251953,0.19265809655189514,0.31492114067077637,0.02925056777894497,36,5539.5620000000345,Complete
final_C_L5_resolution_densenet121_cifar10,C,densenet121,cifar10,5,resolution,,42,0.4431999921798706,,,1,15.875357627868652,2.8242347240448,0.6916051506996155,0.10936250537633896,19,860.0939999999828,Complete
final_C_L5_resolution_densenet121_mnist,C,densenet121,mnist,5,resolution,,42,0.45399999618530273,,,1,11.120646476745605,1.8049718141555786,0.5071334838867188,0.10736045986413956,21,964.25,Complete
final_C_L5_resolution_resnet50_cifar10,C,resnet50,cifar10,5,resolution,,42,0.43160000443458557,,,1,15.875357627868652,2.8242347240448,0.6916051506996155,0.10936250537633896,15,436.21899999998277,Complete
final_C_L5_resolution_resnet50_mnist,C,resnet50,mnist,5,resolution,,42,0.4426000118255615,,,1,11.120646476745605,1.8049718141555786,0.5071334838867188,0.10736045986413956,20,595.4369999999763,Complete
final_C_L5_resolution_transnext_tiny_cifar10,C,transnext_tiny,cifar10,5,resolution,,42,0.46239998936653137,,,1,15.875357627868652,2.8242347240448,0.6916051506996155,0.10936250537633896,13,1991.4220000000205,Complete
final_C_L5_resolution_transnext_tiny_mnist,C,transnext_tiny,mnist,5,resolution,,42,0.44859999418258667,,,1,11.120646476745605,1.8049718141555786,0.5071334838867188,0.10736045986413956,17,2615.4689999999246,Complete
final_C_L5_salt_pepper_densenet121_cifar10,C,densenet121,cifar10,5,salt_pepper,,42,0.8507999777793884,,,1,13.879243850708008,0.5841748714447021,0.4559713900089264,0.040805231779813766,44,2009.625,Complete
final_C_L5_salt_pepper_densenet121_mnist,C,densenet121,mnist,5,salt_pepper,,42,0.9872000217437744,,,1,12.131567001342773,0.529333770275116,0.5962571501731873,0.034998033195734024,22,1016.375,Complete
final_C_L5_salt_pepper_resnet50_cifar10,C,resnet50,cifar10,5,salt_pepper,,42,0.8330000042915344,,,1,13.879243850708008,0.5841748714447021,0.4559713900089264,0.040805231779813766,23,697.515999999945,Complete
final_C_L5_salt_pepper_resnet50_mnist,C,resnet50,mnist,5,salt_pepper,,42,0.9861999750137329,,,1,12.131567001342773,0.529333770275116,0.5962571501731873,0.034998033195734024,31,971.75,Complete
final_C_L5_salt_pepper_transnext_tiny_cifar10,C,transnext_tiny,cifar10,5,salt_pepper,,42,0.9422000050544739,,,1,13.879243850708008,0.5841748714447021,0.4559713900089264,0.040805231779813766,59,9043.32799999998,Complete
final_C_L5_salt_pepper_transnext_tiny_mnist,C,transnext_tiny,mnist,5,salt_pepper,,42,0.9894000291824341,,,1,12.131567001342773,0.529333770275116,0.5962571501731873,0.034998033195734024,40,6173.6879999999655,Complete
final_C_L5_saturation_densenet121_cifar10,C,densenet121,cifar10,5,saturation,,42,0.883400022983551,,,1,24.17316246032715,4.931709289550781,0.9357738494873047,0.04052618145942688,37,1709.2970000000205,Complete
final_C_L5_saturation_densenet121_mnist,C,densenet121,mnist,5,saturation,,42,0.9914000034332275,,,1,32.357322692871094,1.6435201168060303,0.9630135297775269,0.010467649437487125,20,935.890000000014,Complete
final_C_L5_saturation_resnet50_cifar10,C,resnet50,cifar10,5,saturation,,42,0.8822000026702881,,,1,24.17316246032715,4.931709289550781,0.9357738494873047,0.04052618145942688,16,477.10899999999674,Complete
final_C_L5_saturation_resnet50_mnist,C,resnet50,mnist,5,saturation,,42,0.9909999966621399,,,1,32.357322692871094,1.6435201168060303,0.9630135297775269,0.010467649437487125,13,396.0,Complete
final_C_L5_saturation_transnext_tiny_cifar10,C,transnext_tiny,cifar10,5,saturation,,42,0.9534000158309937,,,1,24.17316246032715,4.931709289550781,0.9357738494873047,0.04052618145942688,44,6765.5629999999655,Complete
final_C_L5_saturation_transnext_tiny_mnist,C,transnext_tiny,mnist,5,saturation,,42,0.9904000163078308,,,1,32.357322692871094,1.6435201168060303,0.9630135297775269,0.010467649437487125,18,2776.5,Complete
final_D_T1_L1_densenet121_cifar10,D,densenet121,cifar10,1,,T1,42,0.7674000263214111,,,1,21.22579002380371,1.544506311416626,0.8010480403900146,0.04082350432872772,45,2637.484999999986,Complete
final_D_T1_L1_densenet121_mnist,D,densenet121,mnist,1,,T1,42,0.9890000224113464,,,1,19.555505752563477,1.7537661790847778,0.5766915678977966,0.03037792257964611,21,1245.140000000014,Complete
final_D_T1_L1_resnet50_cifar10,D,resnet50,cifar10,1,,T1,42,0.7644000053405762,,,1,21.22579002380371,1.544506311416626,0.8010480403900146,0.04082350432872772,22,965.2820000000065,Complete
final_D_T1_L1_resnet50_mnist,D,resnet50,mnist,1,,T1,42,0.9850000143051147,,,1,19.555505752563477,1.7537661790847778,0.5766915678977966,0.03037792257964611,16,704.875,Complete
final_D_T1_L1_transnext_tiny_cifar10,D,transnext_tiny,cifar10,1,,T1,42,0.8845999836921692,,,1,21.22579002380371,1.544506311416626,0.8010480403900146,0.04082350432872772,26,4359.1089999999385,Complete
final_D_T1_L1_transnext_tiny_mnist,D,transnext_tiny,mnist,1,,T1,42,0.9891999959945679,,,1,19.555505752563477,1.7537661790847778,0.5766915678977966,0.03037792257964611,28,4695.4529999999795,Complete
final_D_T1_L2_densenet121_cifar10,D,densenet121,cifar10,2,,T1,42,0.5432000160217285,,,1,17.543922424316406,1.3167108297348022,0.6972057819366455,0.05896536260843277,17,1007.655999999959,Complete
final_D_T1_L2_densenet121_mnist,D,densenet121,mnist,2,,T1,42,0.9682000279426575,,,1,15.496427536010742,1.3028600215911865,0.42281824350357056,0.03856607526540756,37,2210.734999999986,Complete
final_D_T1_L2_resnet50_cifar10,D,resnet50,cifar10,2,,T1,42,0.52920001745224,,,1,17.543922424316406,1.3167108297348022,0.6972057819366455,0.05896536260843277,15,659.8439999999246,Complete
final_D_T1_L2_resnet50_mnist,D,resnet50,mnist,2,,T1,42,0.9616000056266785,,,1,15.496427536010742,1.3028600215911865,0.42281824350357056,0.03856607526540756,60,2671.4529999999795,Complete
final_D_T1_L2_transnext_tiny_cifar10,D,transnext_tiny,cifar10,2,,T1,42,0.6696000099182129,,,1,17.543922424316406,1.3167108297348022,0.6972057819366455,0.05896536260843277,55,9235.54700000002,Complete
final_D_T1_L2_transnext_tiny_mnist,D,transnext_tiny,mnist,2,,T1,42,0.9603999853134155,,,1,15.496427536010742,1.3028600215911865,0.42281824350357056,0.03856607526540756,17,2875.9370000000345,Complete
final_D_T1_L3_densenet121_cifar10,D,densenet121,cifar10,3,,T1,42,0.39320001006126404,,,1,14.874027252197266,1.4139035940170288,0.6350591778755188,0.07825718075037003,15,921.280999999959,Complete
final_D_T1_L3_densenet121_mnist,D,densenet121,mnist,3,,T1,42,0.8073999881744385,,,1,12.576668739318848,1.3035645484924316,0.3175475597381592,0.04275445640087128,22,1363.109000000055,Complete
final_D_T1_L3_resnet50_cifar10,D,resnet50,cifar10,3,,T1,42,0.35179999470710754,,,1,14.874027252197266,1.4139035940170288,0.6350591778755188,0.07825718075037003,14,639.8279999999795,Complete
final_D_T1_L3_resnet50_mnist,D,resnet50,mnist,3,,T1,42,0.796999990940094,,,1,12.576668739318848,1.3035645484924316,0.3175475597381592,0.04275445640087128,34,1572.140000000014,Complete
final_D_T1_L3_transnext_tiny_cifar10,D,transnext_tiny,cifar10,3,,T1,42,0.4235999882221222,,,1,14.874027252197266,1.4139035940170288,0.6350591778755188,0.07825718075037003,15,2550.3279999999795,Complete
final_D_T1_L3_transnext_tiny_mnist,D,transnext_tiny,mnist,3,,T1,42,0.8022000193595886,,,1,12.576668739318848,1.3035645484924316,0.3175475597381592,0.04275445640087128,15,2559.8279999999795,Complete
final_D_T1_L4_densenet121_cifar10,D,densenet121,cifar10,4,,T1,42,0.2964000105857849,,,1,13.097561836242676,1.4104716777801514,0.6013230085372925,0.08745517581701279,16,1009.140000000014,Complete
final_D_T1_L4_densenet121_mnist,D,densenet121,mnist,4,,T1,42,0.5756000280380249,,,1,10.897726058959961,1.3057552576065063,0.24776911735534668,0.04829176515340805,16,1016.344000000041,Complete
final_D_T1_L4_resnet50_cifar10,D,resnet50,cifar10,4,,T1,42,0.2709999978542328,,,1,13.097561836242676,1.4104716777801514,0.6013230085372925,0.08745517581701279,13,614.2179999999935,Complete
final_D_T1_L4_resnet50_mnist,D,resnet50,mnist,4,,T1,42,0.5562000274658203,,,1,10.897726058959961,1.3057552576065063,0.24776911735534668,0.04829176515340805,14,668.9529999999795,Complete
final_D_T1_L4_transnext_tiny_cifar10,D,transnext_tiny,cifar10,4,,T1,42,0.28439998626708984,,,1,13.097561836242676,1.4104716777801514,0.6013230085372925,0.08745517581701279,14,2397.9220000000205,Complete
final_D_T1_L4_transnext_tiny_mnist,D,transnext_tiny,mnist,4,,T1,42,0.5893999934196472,,,1,10.897726058959961,1.3057552576065063,0.24776911735534668,0.04829176515340805,16,2749.875,Complete
final_D_T1_L5_densenet121_cifar10,D,densenet121,cifar10,5,,T1,42,0.2011999934911728,,,1,10.847352027893066,1.8062080144882202,0.5662043690681458,0.10978245735168457,22,1439.890000000014,Complete
final_D_T1_L5_densenet121_mnist,D,densenet121,mnist,5,,T1,42,0.27959999442100525,,,1,9.024060249328613,1.961860179901123,0.2465682029724121,0.07177931815385818,24,1583.5,Complete
final_D_T1_L5_resnet50_cifar10,D,resnet50,cifar10,5,,T1,42,0.18639999628067017,,,1,10.847352027893066,1.8062080144882202,0.5662043690681458,0.10978245735168457,14,695.875,Complete
final_D_T1_L5_resnet50_mnist,D,resnet50,mnist,5,,T1,42,0.28139999508857727,,,1,9.024060249328613,1.961860179901123,0.2465682029724121,0.07177931815385818,16,805.155999999959,Complete
final_D_T1_L5_transnext_tiny_cifar10,D,transnext_tiny,cifar10,5,,T1,42,0.19660000503063202,,,1,10.847352027893066,1.8062080144882202,0.5662043690681458,0.10978245735168457,15,2611.734999999986,Complete
final_D_T1_L5_transnext_tiny_mnist,D,transnext_tiny,mnist,5,,T1,42,0.27619999647140503,,,1,9.024060249328613,1.961860179901123,0.2465682029724121,0.07177931815385818,16,2792.125,Complete
final_D_T2_L1_densenet121_cifar10,D,densenet121,cifar10,1,,T2,42,0.7663999795913696,,,1,21.22579002380371,1.544506311416626,0.8010480403900146,0.04082350432872772,38,2244.203000000096,Complete
final_D_T2_L1_densenet121_mnist,D,densenet121,mnist,1,,T2,42,0.9905999898910522,,,1,19.555505752563477,1.7537661790847778,0.5766915678977966,0.03037792257964611,25,1491.219000000041,Complete
final_D_T2_L1_resnet50_cifar10,D,resnet50,cifar10,1,,T2,42,0.7811999917030334,,,1,21.22579002380371,1.544506311416626,0.8010480403900146,0.04082350432872772,24,1035.984999999986,Complete
final_D_T2_L1_resnet50_mnist,D,resnet50,mnist,1,,T2,42,0.9911999702453613,,,1,19.555505752563477,1.7537661790847778,0.5766915678977966,0.03037792257964611,42,1841.875,Complete
final_D_T2_L1_transnext_tiny_cifar10,D,transnext_tiny,cifar10,1,,T2,42,0.8942000269889832,,,1,21.22579002380371,1.544506311416626,0.8010480403900146,0.04082350432872772,59,9861.562999999966,Complete
final_D_T2_L1_transnext_tiny_mnist,D,transnext_tiny,mnist,1,,T2,42,0.9918000102043152,,,1,19.555505752563477,1.7537661790847778,0.5766915678977966,0.03037792257964611,36,6021.2970000000205,Complete
final_D_T2_L2_densenet121_cifar10,D,densenet121,cifar10,2,,T2,42,0.5576000213623047,,,1,17.543922424316406,1.3167108297348022,0.6972057819366455,0.05896536260843277,18,1077.280999999959,Complete
final_D_T2_L2_densenet121_mnist,D,densenet121,mnist,2,,T2,42,0.9617999792098999,,,1,15.496427536010742,1.3028600215911865,0.42281824350357056,0.03856607526540756,22,1328.1720000000205,Complete
final_D_T2_L2_resnet50_cifar10,D,resnet50,cifar10,2,,T2,42,0.5275999903678894,,,1,17.543922424316406,1.3167108297348022,0.6972057819366455,0.05896536260843277,25,1100.5,Complete
final_D_T2_L2_resnet50_mnist,D,resnet50,mnist,2,,T2,42,0.9624000191688538,,,1,15.496427536010742,1.3028600215911865,0.42281824350357056,0.03856607526540756,60,2688.7970000000205,Complete
final_D_T2_L2_transnext_tiny_cifar10,D,transnext_tiny,cifar10,2,,T2,42,0.6525999903678894,,,1,17.543922424316406,1.3167108297348022,0.6972057819366455,0.05896536260843277,33,5551.4370000000345,Complete
final_D_T2_L2_transnext_tiny_mnist,D,transnext_tiny,mnist,2,,T2,42,0.9702000021934509,,,1,15.496427536010742,1.3028600215911865,0.42281824350357056,0.03856607526540756,32,5400.344000000041,Complete
final_D_T2_L3_densenet121_cifar10,D,densenet121,cifar10,3,,T2,42,0.39160001277923584,,,1,14.874027252197266,1.4139035940170288,0.6350591778755188,0.07825718075037003,16,980.5620000000345,Complete
final_D_T2_L3_densenet121_mnist,D,densenet121,mnist,3,,T2,42,0.7983999848365784,,,1,12.576668739318848,1.3035645484924316,0.3175475597381592,0.04275445640087128,15,923.594000000041,Complete
final_D_T2_L3_resnet50_cifar10,D,resnet50,cifar10,3,,T2,42,0.375,,,1,14.874027252197266,1.4139035940170288,0.6350591778755188,0.07825718075037003,15,682.0469999999041,Complete
final_D_T2_L3_resnet50_mnist,D,resnet50,mnist,3,,T2,42,0.7857999801635742,,,1,12.576668739318848,1.3035645484924316,0.3175475597381592,0.04275445640087128,18,829.4220000000205,Complete
final_D_T2_L3_transnext_tiny_cifar10,D,transnext_tiny,cifar10,3,,T2,42,0.42340001463890076,,,1,14.874027252197266,1.4139035940170288,0.6350591778755188,0.07825718075037003,15,2535.265000000014,Complete
final_D_T2_L3_transnext_tiny_mnist,D,transnext_tiny,mnist,3,,T2,42,0.8041999936103821,,,1,12.576668739318848,1.3035645484924316,0.3175475597381592,0.04275445640087128,15,2540.75,Complete
final_D_T2_L4_densenet121_cifar10,D,densenet121,cifar10,4,,T2,42,0.29820001125335693,,,1,13.097561836242676,1.4104716777801514,0.6013230085372925,0.08745517581701279,16,1007.609000000055,Complete
final_D_T2_L4_densenet121_mnist,D,densenet121,mnist,4,,T2,42,0.5777999758720398,,,1,10.897726058959961,1.3057552576065063,0.24776911735534668,0.04829176515340805,22,1391.405999999959,Complete
final_D_T2_L4_resnet50_cifar10,D,resnet50,cifar10,4,,T2,42,0.28220000863075256,,,1,13.097561836242676,1.4104716777801514,0.6013230085372925,0.08745517581701279,15,707.3589999999385,Complete
final_D_T2_L4_resnet50_mnist,D,resnet50,mnist,4,,T2,42,0.5699999928474426,,,1,10.897726058959961,1.3057552576065063,0.24776911735534668,0.04829176515340805,14,668.6720000000205,Complete
final_D_T2_L4_transnext_tiny_cifar10,D,transnext_tiny,cifar10,4,,T2,42,0.298799991607666,,,1,13.097561836242676,1.4104716777801514,0.6013230085372925,0.08745517581701279,14,2382.734000000055,Complete
final_D_T2_L4_transnext_tiny_mnist,D,transnext_tiny,mnist,4,,T2,42,0.5595999956130981,,,1,10.897726058959961,1.3057552576065063,0.24776911735534668,0.04829176515340805,19,3244.828000000096,Complete
final_D_T2_L5_densenet121_cifar10,D,densenet121,cifar10,5,,T2,42,0.1972000002861023,,,1,10.847352027893066,1.8062080144882202,0.5662043690681458,0.10978245735168457,24,1566.390000000014,Complete
final_D_T2_L5_densenet121_mnist,D,densenet121,mnist,5,,T2,42,0.2802000045776367,,,1,9.024060249328613,1.961860179901123,0.2465682029724121,0.07177931815385818,24,1576.9379999999655,Complete
final_D_T2_L5_resnet50_cifar10,D,resnet50,cifar10,5,,T2,42,0.1834000051021576,,,1,10.847352027893066,1.8062080144882202,0.5662043690681458,0.10978245735168457,16,790.795999999973,Complete
final_D_T2_L5_resnet50_mnist,D,resnet50,mnist,5,,T2,42,0.2734000086784363,,,1,9.024060249328613,1.961860179901123,0.2465682029724121,0.07177931815385818,17,847.125,Complete
final_D_T2_L5_transnext_tiny_cifar10,D,transnext_tiny,cifar10,5,,T2,42,0.20020000636577606,,,1,10.847352027893066,1.8062080144882202,0.5662043690681458,0.10978245735168457,15,2587.5470000000205,Complete
final_D_T2_L5_transnext_tiny_mnist,D,transnext_tiny,mnist,5,,T2,42,0.2752000093460083,,,1,9.024060249328613,1.961860179901123,0.2465682029724121,0.07177931815385818,21,3632.4220000000205,Complete
final_D_T3_L1_densenet121_cifar10,D,densenet121,cifar10,1,,T3,42,0.7703999876976013,,,1,21.22579002380371,1.544506311416626,0.8010480403900146,0.04082350432872772,36,2119.3909999998286,Complete
final_D_T3_L1_densenet121_mnist,D,densenet121,mnist,1,,T3,42,0.9929999709129333,,,1,19.555505752563477,1.7537661790847778,0.5766915678977966,0.03037792257964611,60,3575.2039999999106,Complete
final_D_T3_L1_resnet50_cifar10,D,resnet50,cifar10,1,,T3,42,0.7911999821662903,,,1,21.22579002380371,1.544506311416626,0.8010480403900146,0.04082350432872772,29,1252.0470000000205,Complete
final_D_T3_L1_resnet50_mnist,D,resnet50,mnist,1,,T3,42,0.989799976348877,,,1,19.555505752563477,1.7537661790847778,0.5766915678977966,0.03037792257964611,28,1221.8590000001714,Complete
final_D_T3_L1_transnext_tiny_cifar10,D,transnext_tiny,cifar10,1,,T3,42,0.9028000235557556,,,1,21.22579002380371,1.544506311416626,0.8010480403900146,0.04082350432872772,26,4374.14000000013,Complete
final_D_T3_L1_transnext_tiny_mnist,D,transnext_tiny,mnist,1,,T3,42,0.9937999844551086,,,1,19.555505752563477,1.7537661790847778,0.5766915678977966,0.03037792257964611,52,8774.45299999998,Complete
final_D_T3_L2_densenet121_cifar10,D,densenet121,cifar10,2,,T3,42,0.5479999780654907,,,1,17.543922424316406,1.3167108297348022,0.6972057819366455,0.05896536260843277,17,1019.2039999999106,Complete
final_D_T3_L2_densenet121_mnist,D,densenet121,mnist,2,,T3,42,0.9702000021934509,,,1,15.496427536010742,1.3028600215911865,0.42281824350357056,0.03856607526540756,60,3634.562000000151,Complete
final_D_T3_L2_resnet50_cifar10,D,resnet50,cifar10,2,,T3,42,0.5437999963760376,,,1,17.543922424316406,1.3167108297348022,0.6972057819366455,0.05896536260843277,19,838.0939999998081,Complete
final_D_T3_L2_resnet50_mnist,D,resnet50,mnist,2,,T3,42,0.9696000218391418,,,1,15.496427536010742,1.3028600215911865,0.42281824350357056,0.03856607526540756,60,2686.6090000001714,Complete
final_D_T3_L2_transnext_tiny_cifar10,D,transnext_tiny,cifar10,2,,T3,42,0.6800000071525574,,,1,17.543922424316406,1.3167108297348022,0.6972057819366455,0.05896536260843277,25,4224.5470000000205,Complete
final_D_T3_L2_transnext_tiny_mnist,D,transnext_tiny,mnist,2,,T3,42,0.9710000157356262,,,1,15.496427536010742,1.3028600215911865,0.42281824350357056,0.03856607526540756,29,4903.469000000041,Complete
final_D_T3_L3_densenet121_cifar10,D,densenet121,cifar10,3,,T3,42,0.39239999651908875,0.3956000010172526,0.0022686290992707994,3,14.874027252197266,1.4139035940170288,0.6350591778755188,0.07825718075037003,16,981.1720000000205,Complete
final_D_T3_L3_densenet121_mnist,D,densenet121,mnist,3,,T3,42,0.8172000050544739,0.8148666620254517,0.0021561407571207567,3,12.576668739318848,1.3035645484924316,0.3175475597381592,0.04275445640087128,36,2223.561999999918,Complete
final_D_T3_L3_resnet50_cifar10,D,resnet50,cifar10,3,,T3,42,0.367000013589859,0.37273334463437396,0.004259366537565337,3,14.874027252197266,1.4139035940170288,0.6350591778755188,0.07825718075037003,15,681.655999999959,Complete
final_D_T3_L3_resnet50_mnist,D,resnet50,mnist,3,,T3,42,0.7979999780654907,0.7985333204269409,0.0021561407571207567,3,12.576668739318848,1.3035645484924316,0.3175475597381592,0.04275445640087128,28,1292.75,Complete
final_D_T3_L3_transnext_tiny_cifar10,D,transnext_tiny,cifar10,3,,T3,42,0.4198000133037567,0.4333333373069763,0.009611559683776128,3,14.874027252197266,1.4139035940170288,0.6350591778755188,0.07825718075037003,17,2896.406000000192,Complete
final_D_T3_L3_transnext_tiny_mnist,D,transnext_tiny,mnist,3,,T3,42,0.8136000037193298,0.8119999965031942,0.005027932857618719,3,12.576668739318848,1.3035645484924316,0.3175475597381592,0.04275445640087128,25,4271.234000000171,Complete
final_D_T3_L4_densenet121_cifar10,D,densenet121,cifar10,4,,T3,42,0.2996000051498413,,,1,13.097561836242676,1.4104716777801514,0.6013230085372925,0.08745517581701279,19,1194.0470000000205,Complete
final_D_T3_L4_densenet121_mnist,D,densenet121,mnist,4,,T3,42,0.5758000016212463,,,1,10.897726058959961,1.3057552576065063,0.24776911735534668,0.04829176515340805,23,1455.5779999999795,Complete
final_D_T3_L4_resnet50_cifar10,D,resnet50,cifar10,4,,T3,42,0.27880001068115234,,,1,13.097561836242676,1.4104716777801514,0.6013230085372925,0.08745517581701279,15,704.655999999959,Complete
final_D_T3_L4_resnet50_mnist,D,resnet50,mnist,4,,T3,42,0.5600000023841858,,,1,10.897726058959961,1.3057552576065063,0.24776911735534668,0.04829176515340805,16,761.5,Complete
final_D_T3_L4_transnext_tiny_cifar10,D,transnext_tiny,cifar10,4,,T3,42,0.2971999943256378,,,1,13.097561836242676,1.4104716777801514,0.6013230085372925,0.08745517581701279,19,3256.187000000151,Complete
final_D_T3_L4_transnext_tiny_mnist,D,transnext_tiny,mnist,4,,T3,42,0.5924000144004822,,,1,10.897726058959961,1.3057552576065063,0.24776911735534668,0.04829176515340805,18,3089.3590000001714,Complete
final_D_T3_L5_densenet121_cifar10,D,densenet121,cifar10,5,,T3,42,0.19900000095367432,,,1,10.847352027893066,1.8062080144882202,0.5662043690681458,0.10978245735168457,28,1826.0150000001304,Complete
final_D_T3_L5_densenet121_mnist,D,densenet121,mnist,5,,T3,42,0.272599995136261,,,1,9.024060249328613,1.961860179901123,0.2465682029724121,0.07177931815385818,15,986.438000000082,Complete
final_D_T3_L5_resnet50_cifar10,D,resnet50,cifar10,5,,T3,42,0.1923999935388565,,,1,10.847352027893066,1.8062080144882202,0.5662043690681458,0.10978245735168457,22,1084.0310000001919,Complete
final_D_T3_L5_resnet50_mnist,D,resnet50,mnist,5,,T3,42,0.2786000072956085,,,1,9.024060249328613,1.961860179901123,0.2465682029724121,0.07177931815385818,19,949.8430000001099,Complete
final_D_T3_L5_transnext_tiny_cifar10,D,transnext_tiny,cifar10,5,,T3,42,0.20419999957084656,,,1,10.847352027893066,1.8062080144882202,0.5662043690681458,0.10978245735168457,19,3294.0779999999795,Complete
final_D_T3_L5_transnext_tiny_mnist,D,transnext_tiny,mnist,5,,T3,42,0.2793999910354614,,,1,9.024060249328613,1.961860179901123,0.2465682029724121,0.07177931815385818,24,4172.64000000013,Complete
final_clean_densenet121_cifar10,A,densenet121,cifar10,,,,42,0.9355999827384949,,,1,,,,,17,539.3617370128632,Complete
final_clean_densenet121_mnist,A,densenet121,mnist,,,,42,0.9929999709129333,,,1,,,,,29,849.5923919677734,Complete
final_clean_resnet50_cifar10,A,resnet50,cifar10,,,,42,0.9517999887466431,,,1,,,,,23,521.5176141262054,Complete
final_clean_resnet50_mnist,A,resnet50,mnist,,,,42,0.9914000034332275,,,1,,,,,21,444.05993366241455,Complete
final_clean_transnext_tiny_cifar10,A,transnext_tiny,cifar10,,,,42,0.9764000177383423,,,1,,,,,15,2297.375,Complete
final_clean_transnext_tiny_mnist,A,transnext_tiny,mnist,,,,42,0.9923999905586243,,,1,,,,,35,5378.3279999999795,Complete
