tag,model,dataset,phase,level,axis,regularization,seed,val_acc,psnr_mean,psnr_std,ssim_mean,ssim_std,val_acc_mean,val_acc_std,n_seeds
final_B2_L1_densenet121_cifar10,densenet121,cifar10,B2,1,,T3,42,0.739799976348877,19.49942398071289,2.307029962539673,0.8159459829330444,0.053640592843294144,,,1
final_B2_L1_densenet121_mnist,densenet121,mnist,B2,1,,T3,42,0.9886000156402588,19.81437110900879,1.5642881393432617,0.8638811707496643,0.027346473187208176,,,1
final_B2_L1_resnet50_cifar10,resnet50,cifar10,B2,1,,T3,42,0.7495999932289124,19.49942398071289,2.307029962539673,0.8159459829330444,0.053640592843294144,,,1
final_B2_L1_resnet50_mnist,resnet50,mnist,B2,1,,T3,42,0.9890000224113464,19.81437110900879,1.5642881393432617,0.8638811707496643,0.027346473187208176,,,1
final_B2_L1_transnext_tiny_cifar10,transnext_tiny,cifar10,B2,1,,T3,42,0.8651999831199646,19.49942398071289,2.307029962539673,0.8159459829330444,0.053640592843294144,,,1
final_B2_L1_transnext_tiny_mnist,transnext_tiny,mnist,B2,1,,T3,42,0.9918000102043152,19.81437110900879,1.5642881393432617,0.8638811707496643,0.027346473187208176,,,1
final_B2_L2_densenet121_cifar10,densenet121,cifar10,B2,2,,T3,42,0.5667999982833862,17.245643615722656,1.8816615343093872,0.7328234910964966,0.06700173765420914,,,1
final_B2_L2_densenet121_mnist,densenet121,mnist,B2,2,,T3,42,0.9761999845504761,16.086591720581055,1.4540677070617676,0.7367054224014282,0.05195021629333496,,,1
final_B2_L2_resnet50_cifar10,resnet50,cifar10,B2,2,,T3,42,0.5532000064849854,17.245643615722656,1.8816615343093872,0.7328234910964966,0.06700173765420914,,,1
final_B2_L2_resnet50_mnist,resnet50,mnist,B2,2,,T3,42,0.9714000225067139,16.086591720581055,1.4540677070617676,0.7367054224014282,0.05195021629333496,,,1
final_B2_L2_transnext_tiny_cifar10,transnext_tiny,cifar10,B2,2,,T3,42,0.6819999814033508,17.245643615722656,1.8816615343093872,0.7328234910964966,0.06700173765420914,,,1
final_B2_L2_transnext_tiny_mnist,transnext_tiny,mnist,B2,2,,T3,42,0.9761999845504761,16.086591720581055,1.4540677070617676,0.7367054224014282,0.05195021629333496,,,1
final_B2_L3_densenet121_cifar10,densenet121,cifar10,B2,3,,T3,42,0.43720000982284546,15.241291046142578,1.7207525968551636,0.6733287572860718,0.0791633203625679,0.4240666727224986,0.009295641129312244,3
final_B2_L3_densenet121_mnist,densenet121,mnist,B2,3,,T3,42,0.8619999885559082,13.048843383789062,1.54022216796875,0.5855075120925903,0.07740084081888199,0.8622666597366333,0.001806168664905516,3
final_B2_L3_resnet50_cifar10,resnet50,cifar10,B2,3,,T3,42,0.4147999882698059,15.241291046142578,1.7207525968551636,0.6733287572860718,0.0791633203625679,0.41093332568804425,0.0045146656894384084,3
final_B2_L3_resnet50_mnist,resnet50,mnist,B2,3,,T3,42,0.8547999858856201,13.048843383789062,1.54022216796875,0.5855075120925903,0.07740084081888199,0.848800003528595,0.004898965080137711,3
final_B2_L3_transnext_tiny_cifar10,transnext_tiny,cifar10,B2,3,,T3,42,0.4641999900341034,15.241291046142578,1.7207525968551636,0.6733287572860718,0.0791633203625679,0.46433332562446594,0.0001885650002377399,3
final_B2_L3_transnext_tiny_mnist,transnext_tiny,mnist,B2,3,,T3,42,0.8537999987602234,13.048843383789062,1.54022216796875,0.5855075120925903,0.07740084081888199,0.8566666642824808,0.002456728754936912,3
final_B2_L4_densenet121_cifar10,densenet121,cifar10,B2,4,,T3,42,0.34700000286102295,14.175460815429688,1.855690598487854,0.6517089605331421,0.08579031378030777,,,1
final_B2_L4_densenet121_mnist,densenet121,mnist,B2,4,,T3,42,0.6629999876022339,11.414421081542969,1.375131368637085,0.4903733730316162,0.08534227311611176,,,1
final_B2_L4_resnet50_cifar10,resnet50,cifar10,B2,4,,T3,42,0.32659998536109924,14.175460815429688,1.855690598487854,0.6517089605331421,0.08579031378030777,,,1
final_B2_L4_resnet50_mnist,resnet50,mnist,B2,4,,T3,42,0.6299999952316284,11.414421081542969,1.375131368637085,0.4903733730316162,0.08534227311611176,,,1
final_B2_L4_transnext_tiny_cifar10,transnext_tiny,cifar10,B2,4,,T3,42,0.3646000027656555,14.175460815429688,1.855690598487854,0.6517089605331421,0.08579031378030777,,,1
final_B2_L4_transnext_tiny_mnist,transnext_tiny,mnist,B2,4,,T3,42,0.652400016784668,11.414421081542969,1.375131368637085,0.4903733730316162,0.08534227311611176,,,1
final_B2_L5_densenet121_cifar10,densenet121,cifar10,B2,5,,T3,42,0.24879999458789825,12.39627456665039,2.4960403442382812,0.6237173676490784,0.10801724344491959,,,1
final_B2_L5_densenet121_mnist,densenet121,mnist,B2,5,,T3,42,0.3522000014781952,9.603363990783691,2.4242351055145264,0.41941672563552856,0.12054192274808884,,,1
final_B2_L5_resnet50_cifar10,resnet50,cifar10,B2,5,,T3,42,0.24860000610351562,12.39627456665039,2.4960403442382812,0.6237173676490784,0.10801724344491959,,,1
final_B2_L5_resnet50_mnist,resnet50,mnist,B2,5,,T3,42,0.3483999967575073,9.603363990783691,2.4242351055145264,0.41941672563552856,0.12054192274808884,,,1
final_B2_L5_transnext_tiny_cifar10,transnext_tiny,cifar10,B2,5,,T3,42,0.26499998569488525,12.39627456665039,2.4960403442382812,0.6237173676490784,0.10801724344491959,,,1
final_B2_L5_transnext_tiny_mnist,transnext_tiny,mnist,B2,5,,T3,42,0.34940001368522644,9.603363990783691,2.4242351055145264,0.41941672563552856,0.12054192274808884,,,1
final_B2nr_L3_densenet121_cifar10,densenet121,cifar10,B2nr,3,,,42,0.4106000065803528,15.241291046142578,1.7207525968551636,0.6733287572860718,0.0791633203625679,0.40753333767255145,0.003151016632738436,3
final_B2nr_L3_densenet121_mnist,densenet121,mnist,B2nr,3,,,42,0.8514000177383423,13.048843383789062,1.54022216796875,0.5855075120925903,0.07740084081888199,0.8570000131924947,0.0055713483429282755,3
final_B2nr_L3_resnet50_cifar10,resnet50,cifar10,B2nr,3,,,42,0.3977999985218048,15.241291046142578,1.7207525968551636,0.6733287572860718,0.0791633203625679,0.4030666649341583,0.0040998612067723195,3
final_B2nr_L3_resnet50_mnist,resnet50,mnist,B2nr,3,,,42,0.8575999736785889,13.048843383789062,1.54022216796875,0.5855075120925903,0.07740084081888199,0.8574000000953674,0.000432038299405364,3
final_B2nr_L3_transnext_tiny_cifar10,transnext_tiny,cifar10,B2nr,3,,,42,0.43880000710487366,15.241291046142578,1.7207525968551636,0.6733287572860718,0.0791633203625679,0.43573333819707233,0.0027145656804840493,3
final_B2nr_L3_transnext_tiny_mnist,transnext_tiny,mnist,B2nr,3,,,42,0.8474000096321106,13.048843383789062,1.54022216796875,0.5855075120925903,0.07740084081888199,0.8461333314577738,0.0028394164706691677,3
final_B_L1_densenet121_cifar10,densenet121,cifar10,B,1,,,42,0.7847999930381775,21.22579002380371,1.544506311416626,0.8010480403900146,0.04082350432872772,,,1
final_B_L1_densenet121_mnist,densenet121,mnist,B,1,,,42,0.9873999953269958,19.555505752563477,1.7537661790847778,0.5766915678977966,0.03037792257964611,,,1
final_B_L1_resnet50_cifar10,resnet50,cifar10,B,1,,,42,0.7645999789237976,21.22579002380371,1.544506311416626,0.8010480403900146,0.04082350432872772,,,1
final_B_L1_resnet50_mnist,resnet50,mnist,B,1,,,42,0.9918000102043152,19.555505752563477,1.7537661790847778,0.5766915678977966,0.03037792257964611,,,1
final_B_L1_transnext_tiny_cifar10,transnext_tiny,cifar10,B,1,,,42,0.8758000135421753,21.22579002380371,1.544506311416626,0.8010480403900146,0.04082350432872772,,,1
final_B_L1_transnext_tiny_mnist,transnext_tiny,mnist,B,1,,,42,0.9896000027656555,19.555505752563477,1.7537661790847778,0.5766915678977966,0.03037792257964611,,,1
final_B_L2_densenet121_cifar10,densenet121,cifar10,B,2,,,42,0.5368000268936157,17.543922424316406,1.3167108297348022,0.6972057819366455,0.05896536260843277,,,1
final_B_L2_densenet121_mnist,densenet121,mnist,B,2,,,42,0.965399980545044,15.496427536010742,1.3028600215911865,0.42281824350357056,0.03856607526540756,,,1
final_B_L2_resnet50_cifar10,resnet50,cifar10,B,2,,,42,0.5393999814987183,17.543922424316406,1.3167108297348022,0.6972057819366455,0.05896536260843277,,,1
final_B_L2_resnet50_mnist,resnet50,mnist,B,2,,,42,0.9635999798774719,15.496427536010742,1.3028600215911865,0.42281824350357056,0.03856607526540756,,,1
final_B_L2_transnext_tiny_cifar10,transnext_tiny,cifar10,B,2,,,42,0.6421999931335449,17.543922424316406,1.3167108297348022,0.6972057819366455,0.05896536260843277,,,1
final_B_L2_transnext_tiny_mnist,transnext_tiny,mnist,B,2,,,42,0.9599999785423279,15.496427536010742,1.3028600215911865,0.42281824350357056,0.03856607526540756,,,1
final_B_L3_densenet121_cifar10,densenet121,cifar10,B,3,,,42,0.3959999978542328,14.874027252197266,1.4139035940170288,0.6350591778755188,0.07825718075037003,0.38540000716845196,0.007812803906038465,3
final_B_L3_densenet121_mnist,densenet121,mnist,B,3,,,42,0.819599986076355,12.576668739318848,1.3035645484924316,0.3175475597381592,0.04275445640087128,0.8079333305358887,0.008425876815811922,3
final_B_L3_resnet50_cifar10,resnet50,cifar10,B,3,,,42,0.358599990606308,14.874027252197266,1.4139035940170288,0.6350591778755188,0.07825718075037003,0.3631333311398824,0.008317583471234175,3
final_B_L3_resnet50_mnist,resnet50,mnist,B,3,,,42,0.7886000275611877,12.576668739318848,1.3035645484924316,0.3175475597381592,0.04275445640087128,0.7916666865348816,0.007975524559301108,3
final_B_L3_transnext_tiny_cifar10,transnext_tiny,cifar10,B,3,,,42,0.38999998569488525,14.874027252197266,1.4139035940170288,0.6350591778755188,0.07825718075037003,0.39479999740918476,0.006231112041884804,3
final_B_L3_transnext_tiny_mnist,transnext_tiny,mnist,B,3,,,42,0.7993999719619751,12.576668739318848,1.3035645484924316,0.3175475597381592,0.04275445640087128,0.8004666566848755,0.0011115564086783974,3
final_B_L4_densenet121_cifar10,densenet121,cifar10,B,4,,,42,0.28519999980926514,13.097561836242676,1.4104716777801514,0.6013230085372925,0.08745517581701279,,,1
final_B_L4_densenet121_mnist,densenet121,mnist,B,4,,,42,0.5807999968528748,10.897726058959961,1.3057552576065063,0.24776911735534668,0.04829176515340805,,,1
final_B_L4_resnet50_cifar10,resnet50,cifar10,B,4,,,42,0.26840001344680786,13.097561836242676,1.4104716777801514,0.6013230085372925,0.08745517581701279,,,1
final_B_L4_resnet50_mnist,resnet50,mnist,B,4,,,42,0.5644000172615051,10.897726058959961,1.3057552576065063,0.24776911735534668,0.04829176515340805,,,1
final_B_L4_transnext_tiny_cifar10,transnext_tiny,cifar10,B,4,,,42,0.2849999964237213,13.097561836242676,1.4104716777801514,0.6013230085372925,0.08745517581701279,,,1
final_B_L4_transnext_tiny_mnist,transnext_tiny,mnist,B,4,,,42,0.5723999738693237,10.897726058959961,1.3057552576065063,0.24776911735534668,0.04829176515340805,,,1
final_B_L5_densenet121_cifar10,densenet121,cifar10,B,5,,,42,0.19580000638961792,10.847352027893066,1.8062080144882202,0.5662043690681458,0.10978245735168457,,,1
final_B_L5_densenet121_mnist,densenet121,mnist,B,5,,,42,0.2775999903678894,9.024060249328613,1.961860179901123,0.2465682029724121,0.07177931815385818,,,1
final_B_L5_resnet50_cifar10,resnet50,cifar10,B,5,,,42,0.19059999287128448,10.847352027893066,1.8062080144882202,0.5662043690681458,0.10978245735168457,,,1
final_B_L5_resnet50_mnist,resnet50,mnist,B,5,,,42,0.2800000011920929,9.024060249328613,1.961860179901123,0.2465682029724121,0.07177931815385818,,,1
final_B_L5_transnext_tiny_cifar10,transnext_tiny,cifar10,B,5,,,42,0.20100000500679016,10.847352027893066,1.8062080144882202,0.5662043690681458,0.10978245735168457,,,1
final_B_L5_transnext_tiny_mnist,transnext_tiny,mnist,B,5,,,42,0.27480000257492065,9.024060249328613,1.961860179901123,0.2465682029724121,0.07177931815385818,,,1
final_C2_L1_blur_densenet121_cifar10,densenet121,cifar10,C2,1,blur,T3,42,0.8823999762535095,24.6679744720459,5.662743091583252,0.9434066414833069,0.040312983095645905,,,1
final_C2_L1_blur_densenet121_mnist,densenet121,mnist,C2,1,blur,T3,42,0.9941999912261963,36.55766296386719,1.4880058765411377,0.975919246673584,0.006228169891983271,,,1
final_C2_L1_blur_resnet50_cifar10,resnet50,cifar10,C2,1,blur,T3,42,0.9061999917030334,24.6679744720459,5.662743091583252,0.9434066414833069,0.040312983095645905,,,1
final_C2_L1_blur_resnet50_mnist,resnet50,mnist,C2,1,blur,T3,42,0.9923999905586243,36.55766296386719,1.4880058765411377,0.975919246673584,0.006228169891983271,,,1
final_C2_L1_blur_transnext_tiny_cifar10,transnext_tiny,cifar10,C2,1,blur,T3,42,0.9652000069618225,24.6679744720459,5.662743091583252,0.9434066414833069,0.040312983095645905,,,1
final_C2_L1_blur_transnext_tiny_mnist,transnext_tiny,mnist,C2,1,blur,T3,42,0.9937999844551086,36.55766296386719,1.4880058765411377,0.975919246673584,0.006228169891983271,,,1
final_C2_L1_resolution_densenet121_cifar10,densenet121,cifar10,C2,1,resolution,T3,42,0.7681999802589417,23.107629776000977,3.9659183025360107,0.882835865020752,0.050380636006593704,,,1
final_C2_L1_resolution_densenet121_mnist,densenet121,mnist,C2,1,resolution,T3,42,0.9937999844551086,27.176315307617188,1.5114226341247559,0.9269537925720215,0.01670016348361969,,,1
final_C2_L1_resolution_resnet50_cifar10,resnet50,cifar10,C2,1,resolution,T3,42,0.801800012588501,23.107629776000977,3.9659183025360107,0.882835865020752,0.050380636006593704,,,1
final_C2_L1_resolution_resnet50_mnist,resnet50,mnist,C2,1,resolution,T3,42,0.9905999898910522,27.176315307617188,1.5114226341247559,0.9269537925720215,0.01670016348361969,,,1
final_C2_L1_resolution_transnext_tiny_cifar10,transnext_tiny,cifar10,C2,1,resolution,T3,42,0.8934000134468079,23.107629776000977,3.9659183025360107,0.882835865020752,0.050380636006593704,,,1
final_C2_L1_resolution_transnext_tiny_mnist,transnext_tiny,mnist,C2,1,resolution,T3,42,0.9932000041007996,27.176315307617188,1.5114226341247559,0.9269537925720215,0.01670016348361969,,,1
final_C2_L1_salt_pepper_densenet121_cifar10,densenet121,cifar10,C2,1,salt_pepper,T3,42,0.8637999892234802,19.27338409423828,2.0480916500091553,0.8238064050674438,0.04293298348784447,,,1
final_C2_L1_salt_pepper_densenet121_mnist,densenet121,mnist,C2,1,salt_pepper,T3,42,0.991599977016449,19.864055633544922,1.1951878070831299,0.8879554271697998,0.022196557372808456,,,1
final_C2_L1_salt_pepper_resnet50_cifar10,resnet50,cifar10,C2,1,salt_pepper,T3,42,0.8623999953269958,19.27338409423828,2.0480916500091553,0.8238064050674438,0.04293298348784447,,,1
final_C2_L1_salt_pepper_resnet50_mnist,resnet50,mnist,C2,1,salt_pepper,T3,42,0.9914000034332275,19.864055633544922,1.1951878070831299,0.8879554271697998,0.022196557372808456,,,1
final_C2_L1_salt_pepper_transnext_tiny_cifar10,transnext_tiny,cifar10,C2,1,salt_pepper,T3,42,0.9520000219345093,19.27338409423828,2.0480916500091553,0.8238064050674438,0.04293298348784447,,,1
final_C2_L1_salt_pepper_transnext_tiny_mnist,transnext_tiny,mnist,C2,1,salt_pepper,T3,42,0.9927999973297119,19.864055633544922,1.1951878070831299,0.8879554271697998,0.022196557372808456,,,1
final_C2_L2_blur_densenet121_cifar10,densenet121,cifar10,C2,2,blur,T3,42,0.8565999865531921,23.74373435974121,4.418142795562744,0.9150587916374207,0.04361850768327713,,,1
final_C2_L2_blur_densenet121_mnist,densenet121,mnist,C2,2,blur,T3,42,0.993399977684021,29.668392181396484,1.2058382034301758,0.9390789866447449,0.012447452172636986,,,1
final_C2_L2_blur_resnet50_cifar10,resnet50,cifar10,C2,2,blur,T3,42,0.895799994468689,23.74373435974121,4.418142795562744,0.9150587916374207,0.04361850768327713,,,1
final_C2_L2_blur_resnet50_mnist,resnet50,mnist,C2,2,blur,T3,42,0.9926000237464905,29.668392181396484,1.2058382034301758,0.9390789866447449,0.012447452172636986,,,1
final_C2_L2_blur_transnext_tiny_cifar10,transnext_tiny,cifar10,C2,2,blur,T3,42,0.9595999717712402,23.74373435974121,4.418142795562744,0.9150587916374207,0.04361850768327713,,,1
final_C2_L2_blur_transnext_tiny_mnist,transnext_tiny,mnist,C2,2,blur,T3,42,0.9937999844551086,29.668392181396484,1.2058382034301758,0.9390789866447449,0.012447452172636986,,,1
final_C2_L2_resolution_densenet121_cifar10,densenet121,cifar10,C2,2,resolution,T3,42,0.6403999924659729,21.223875045776367,3.091702938079834,0.8185006976127625,0.0676179975271225,,,1
final_C2_L2_resolution_densenet121_mnist,densenet121,mnist,C2,2,resolution,T3,42,0.9864000082015991,21.045886993408203,1.5823160409927368,0.8473181128501892,0.035807885229587555,,,1
final_C2_L2_resolution_resnet50_cifar10,resnet50,cifar10,C2,2,resolution,T3,42,0.6636000275611877,21.223875045776367,3.091702938079834,0.8185006976127625,0.0676179975271225,,,1
final_C2_L2_resolution_resnet50_mnist,resnet50,mnist,C2,2,resolution,T3,42,0.9864000082015991,21.045886993408203,1.5823160409927368,0.8473181128501892,0.035807885229587555,,,1
final_C2_L2_resolution_transnext_tiny_cifar10,transnext_tiny,cifar10,C2,2,resolution,T3,42,0.7608000040054321,21.223875045776367,3.091702938079834,0.8185006976127625,0.0676179975271225,,,1
final_C2_L2_resolution_transnext_tiny_mnist,transnext_tiny,mnist,C2,2,resolution,T3,42,0.9876000285148621,21.045886993408203,1.5823160409927368,0.8473181128501892,0.035807885229587555,,,1
final_C2_L2_salt_pepper_densenet121_cifar10,densenet121,cifar10,C2,2,salt_pepper,T3,42,0.8325999975204468,17.194427490234375,1.4286632537841797,0.7238960266113281,0.04425666481256485,,,1
final_C2_L2_salt_pepper_densenet121_mnist,densenet121,mnist,C2,2,salt_pepper,T3,42,0.9919999837875366,16.933639526367188,0.9559903740882874,0.8195863962173462,0.029703378677368164,,,1
final_C2_L2_salt_pepper_resnet50_cifar10,resnet50,cifar10,C2,2,salt_pepper,T3,42,0.8518000245094299,17.194427490234375,1.4286632537841797,0.7238960266113281,0.04425666481256485,,,1
final_C2_L2_salt_pepper_resnet50_mnist,resnet50,mnist,C2,2,salt_pepper,T3,42,0.991599977016449,16.933639526367188,0.9559903740882874,0.8195863962173462,0.029703378677368164,,,1
final_C2_L2_salt_pepper_transnext_tiny_cifar10,transnext_tiny,cifar10,C2,2,salt_pepper,T3,42,0.9477999806404114,17.194427490234375,1.4286632537841797,0.7238960266113281,0.04425666481256485,,,1
final_C2_L2_salt_pepper_transnext_tiny_mnist,transnext_tiny,mnist,C2,2,salt_pepper,T3,42,0.9914000034332275,16.933639526367188,0.9559903740882874,0.8195863962173462,0.029703378677368164,,,1
final_C2_L3_blur_densenet121_cifar10,densenet121,cifar10,C2,3,blur,T3,42,0.8166000247001648,22.05458641052246,3.345133066177368,0.854651153087616,0.05653135105967522,,,1
final_C2_L3_blur_densenet121_mnist,densenet121,mnist,C2,3,blur,T3,42,0.9922000169754028,22.340272903442383,1.1984068155288696,0.8194277286529541,0.03654633089900017,,,1
final_C2_L3_blur_resnet50_cifar10,resnet50,cifar10,C2,3,blur,T3,42,0.8335999846458435,22.05458641052246,3.345133066177368,0.854651153087616,0.05653135105967522,,,1
final_C2_L3_blur_resnet50_mnist,resnet50,mnist,C2,3,blur,T3,42,0.9932000041007996,22.340272903442383,1.1984068155288696,0.8194277286529541,0.03654633089900017,,,1
final_C2_L3_blur_transnext_tiny_cifar10,transnext_tiny,cifar10,C2,3,blur,T3,42,0.9300000071525574,22.05458641052246,3.345133066177368,0.854651153087616,0.05653135105967522,,,1
final_C2_L3_blur_transnext_tiny_mnist,transnext_tiny,mnist,C2,3,blur,T3,42,0.9945999979972839,22.340272903442383,1.1984068155288696,0.8194277286529541,0.03654633089900017,,,1
final_C2_L3_resolution_densenet121_cifar10,densenet121,cifar10,C2,3,resolution,T3,42,0.5134000182151794,19.34112548828125,2.649899959564209,0.763430118560791,0.0822787880897522,,,1
final_C2_L3_resolution_densenet121_mnist,densenet121,mnist,C2,3,resolution,T3,42,0.9430000185966492,16.372180938720703,1.2291581630706787,0.7302854657173157,0.05480213090777397,,,1
final_C2_L3_resolution_resnet50_cifar10,resnet50,cifar10,C2,3,resolution,T3,42,0.5131999850273132,19.34112548828125,2.649899959564209,0.763430118560791,0.0822787880897522,,,1
final_C2_L3_resolution_resnet50_mnist,resnet50,mnist,C2,3,resolution,T3,42,0.9412000179290771,16.372180938720703,1.2291581630706787,0.7302854657173157,0.05480213090777397,,,1
final_C2_L3_resolution_transnext_tiny_cifar10,transnext_tiny,cifar10,C2,3,resolution,T3,42,0.5824000239372253,19.34112548828125,2.649899959564209,0.763430118560791,0.0822787880897522,,,1
final_C2_L3_resolution_transnext_tiny_mnist,transnext_tiny,mnist,C2,3,resolution,T3,42,0.9394000172615051,16.372180938720703,1.2291581630706787,0.7302854657173157,0.05480213090777397,,,1
final_C2_L3_salt_pepper_densenet121_cifar10,densenet121,cifar10,C2,3,salt_pepper,T3,42,0.805400013923645,15.4623441696167,1.0309724807739258,0.6087185144424438,0.043637752532958984,,,1
final_C2_L3_salt_pepper_densenet121_mnist,densenet121,mnist,C2,3,salt_pepper,T3,42,0.9919999837875366,14.693066596984863,0.7136021256446838,0.7361279129981995,0.032651469111442566,,,1
final_C2_L3_salt_pepper_resnet50_cifar10,resnet50,cifar10,C2,3,salt_pepper,T3,42,0.8348000049591064,15.4623441696167,1.0309724807739258,0.6087185144424438,0.043637752532958984,,,1
final_C2_L3_salt_pepper_resnet50_mnist,resnet50,mnist,C2,3,salt_pepper,T3,42,0.9918000102043152,14.693066596984863,0.7136021256446838,0.7361279129981995,0.032651469111442566,,,1
final_C2_L3_salt_pepper_transnext_tiny_cifar10,transnext_tiny,cifar10,C2,3,salt_pepper,T3,42,0.9351999759674072,15.4623441696167,1.0309724807739258,0.6087185144424438,0.043637752532958984,,,1
final_C2_L3_salt_pepper_transnext_tiny_mnist,transnext_tiny,mnist,C2,3,salt_pepper,T3,42,0.9919999837875366,14.693066596984863,0.7136021256446838,0.7361279129981995,0.032651469111442566,,,1
final_C2_L4_blur_densenet121_cifar10,densenet121,cifar10,C2,4,blur,T3,42,0.7490000128746033,20.432926177978516,2.7697925567626953,0.7977003455162048,0.07130687683820724,,,1
final_C2_L4_blur_densenet121_mnist,densenet121,mnist,C2,4,blur,T3,42,0.9937999844551086,18.18025016784668,1.1865499019622803,0.6744004487991333,0.06241026520729065,,,1
final_C2_L4_blur_resnet50_cifar10,resnet50,cifar10,C2,4,blur,T3,42,0.7167999744415283,20.432926177978516,2.7697925567626953,0.7977003455162048,0.07130687683820724,,,1
final_C2_L4_blur_resnet50_mnist,resnet50,mnist,C2,4,blur,T3,42,0.9932000041007996,18.18025016784668,1.1865499019622803,0.6744004487991333,0.06241026520729065,,,1
final_C2_L4_blur_transnext_tiny_cifar10,transnext_tiny,cifar10,C2,4,blur,T3,42,0.8802000284194946,20.432926177978516,2.7697925567626953,0.7977003455162048,0.07130687683820724,,,1
final_C2_L4_blur_transnext_tiny_mnist,transnext_tiny,mnist,C2,4,blur,T3,42,0.9947999715805054,18.18025016784668,1.1865499019622803,0.6744004487991333,0.06241026520729065,,,1
final_C2_L4_resolution_densenet121_cifar10,densenet121,cifar10,C2,4,resolution,T3,42,0.44440001249313354,17.785358428955078,2.4716906547546387,0.7286491394042969,0.09208029508590698,,,1
final_C2_L4_resolution_densenet121_mnist,densenet121,mnist,C2,4,resolution,T3,42,0.8227999806404114,13.894586563110352,1.1913241147994995,0.6452706456184387,0.06976142525672913,,,1
final_C2_L4_resolution_resnet50_cifar10,resnet50,cifar10,C2,4,resolution,T3,42,0.4296000003814697,17.785358428955078,2.4716906547546387,0.7286491394042969,0.09208029508590698,,,1
final_C2_L4_resolution_resnet50_mnist,resnet50,mnist,C2,4,resolution,T3,42,0.8123999834060669,13.894586563110352,1.1913241147994995,0.6452706456184387,0.06976142525672913,,,1
final_C2_L4_resolution_transnext_tiny_cifar10,transnext_tiny,cifar10,C2,4,resolution,T3,42,0.4657999873161316,17.785358428955078,2.4716906547546387,0.7286491394042969,0.09208029508590698,,,1
final_C2_L4_resolution_transnext_tiny_mnist,transnext_tiny,mnist,C2,4,resolution,T3,42,0.8173999786376953,13.894586563110352,1.1913241147994995,0.6452706456184387,0.06976142525672913,,,1
final_C2_L4_salt_pepper_densenet121_cifar10,densenet121,cifar10,C2,4,salt_pepper,T3,42,0.7929999828338623,14.28207778930664,0.8443660140037537,0.5158904790878296,0.04409470409154892,,,1
final_C2_L4_salt_pepper_densenet121_mnist,densenet121,mnist,C2,4,salt_pepper,T3,42,0.9908000230789185,13.237933158874512,0.5960448384284973,0.6629997491836548,0.03421453759074211,,,1
final_C2_L4_salt_pepper_resnet50_cifar10,resnet50,cifar10,C2,4,salt_pepper,T3,42,0.7785999774932861,14.28207778930664,0.8443660140037537,0.5158904790878296,0.04409470409154892,,,1
final_C2_L4_salt_pepper_resnet50_mnist,resnet50,mnist,C2,4,salt_pepper,T3,42,0.9900000095367432,13.237933158874512,0.5960448384284973,0.6629997491836548,0.03421453759074211,,,1
final_C2_L4_salt_pepper_transnext_tiny_cifar10,transnext_tiny,cifar10,C2,4,salt_pepper,T3,42,0.9156000018119812,14.28207778930664,0.8443660140037537,0.5158904790878296,0.04409470409154892,,,1
final_C2_L4_salt_pepper_transnext_tiny_mnist,transnext_tiny,mnist,C2,4,salt_pepper,T3,42,0.9908000230789185,13.237933158874512,0.5960448384284973,0.6629997491836548,0.03421453759074211,,,1
final_C2_L5_blur_densenet121_cifar10,densenet121,cifar10,C2,5,blur,T3,42,0.6460000276565552,18.92420768737793,2.455846071243286,0.7531248927116394,0.08408302813768387,,,1
final_C2_L5_blur_densenet121_mnist,densenet121,mnist,C2,5,blur,T3,42,0.991599977016449,15.503748893737793,1.253564476966858,0.4959403872489929,0.08473744988441467,,,1
final_C2_L5_blur_resnet50_cifar10,resnet50,cifar10,C2,5,blur,T3,42,0.5875999927520752,18.92420768737793,2.455846071243286,0.7531248927116394,0.08408302813768387,,,1
final_C2_L5_blur_resnet50_mnist,resnet50,mnist,C2,5,blur,T3,42,0.9886000156402588,15.503748893737793,1.253564476966858,0.4959403872489929,0.08473744988441467,,,1
final_C2_L5_blur_transnext_tiny_cifar10,transnext_tiny,cifar10,C2,5,blur,T3,42,0.7103999853134155,18.92420768737793,2.455846071243286,0.7531248927116394,0.08408302813768387,,,1
final_C2_L5_blur_transnext_tiny_mnist,transnext_tiny,mnist,C2,5,blur,T3,42,0.9905999898910522,15.503748893737793,1.253564476966858,0.4959403872489929,0.08473744988441467,,,1
final_C2_L5_resolution_densenet121_cifar10,densenet121,cifar10,C2,5,resolution,T3,42,0.30799999833106995,15.079986572265625,2.4907376766204834,0.6810494661331177,0.10804712772369385,,,1
final_C2_L5_resolution_densenet121_mnist,densenet121,mnist,C2,5,resolution,T3,42,0.45019999146461487,11.120914459228516,1.8049064874649048,0.5071371793746948,0.10736065357923508,,,1
final_C2_L5_resolution_resnet50_cifar10,resnet50,cifar10,C2,5,resolution,T3,42,0.30160000920295715,15.079986572265625,2.4907376766204834,0.6810494661331177,0.10804712772369385,,,1
final_C2_L5_resolution_resnet50_mnist,resnet50,mnist,C2,5,resolution,T3,42,0.4553999900817871,11.120914459228516,1.8049064874649048,0.5071371793746948,0.10736065357923508,,,1
final_C2_L5_resolution_transnext_tiny_cifar10,transnext_tiny,cifar10,C2,5,resolution,T3,42,0.305400013923645,15.079986572265625,2.4907376766204834,0.6810494661331177,0.10804712772369385,,,1
final_C2_L5_resolution_transnext_tiny_mnist,transnext_tiny,mnist,C2,5,resolution,T3,42,0.4560000002384186,11.120914459228516,1.8049064874649048,0.5071371793746948,0.10736065357923508,,,1
final_C2_L5_salt_pepper_densenet121_cifar10,densenet121,cifar10,C2,5,salt_pepper,T3,42,0.7778000235557556,13.352895736694336,0.7394314408302307,0.4368789494037628,0.04474220797419548,,,1
final_C2_L5_salt_pepper_densenet121_mnist,densenet121,mnist,C2,5,salt_pepper,T3,42,0.9905999898910522,12.131564140319824,0.5293362140655518,0.5962540507316589,0.03499796986579895,,,1
final_C2_L5_salt_pepper_resnet50_cifar10,resnet50,cifar10,C2,5,salt_pepper,T3,42,0.7468000054359436,13.352895736694336,0.7394314408302307,0.4368789494037628,0.04474220797419548,,,1
final_C2_L5_salt_pepper_resnet50_mnist,resnet50,mnist,C2,5,salt_pepper,T3,42,0.9900000095367432,12.131564140319824,0.5293362140655518,0.5962540507316589,0.03499796986579895,,,1
final_C2_L5_salt_pepper_transnext_tiny_cifar10,transnext_tiny,cifar10,C2,5,salt_pepper,T3,42,0.895799994468689,13.352895736694336,0.7394314408302307,0.4368789494037628,0.04474220797419548,,,1
final_C2_L5_salt_pepper_transnext_tiny_mnist,transnext_tiny,mnist,C2,5,salt_pepper,T3,42,0.9908000230789185,12.131564140319824,0.5293362140655518,0.5962540507316589,0.03499796986579895,,,1
final_C_L1_blur_densenet121_cifar10,densenet121,cifar10,C,1,blur,,42,0.9053999781608582,41.982208251953125,2.542469024658203,0.9832876920700073,0.006734228227287531,,,1
final_C_L1_blur_densenet121_mnist,densenet121,mnist,C,1,blur,,42,0.9905999898910522,36.552574157714844,1.4881840944290161,0.9759203195571899,0.00622783787548542,,,1
final_C_L1_blur_resnet50_cifar10,resnet50,cifar10,C,1,blur,,42,0.9354000091552734,41.982208251953125,2.542469024658203,0.9832876920700073,0.006734228227287531,,,1
final_C_L1_blur_resnet50_mnist,resnet50,mnist,C,1,blur,,42,0.9932000041007996,36.552574157714844,1.4881840944290161,0.9759203195571899,0.00622783787548542,,,1
final_C_L1_blur_transnext_tiny_cifar10,transnext_tiny,cifar10,C,1,blur,,42,0.9765999913215637,41.982208251953125,2.542469024658203,0.9832876920700073,0.006734228227287531,,,1
final_C_L1_blur_transnext_tiny_mnist,transnext_tiny,mnist,C,1,blur,,42,0.9923999905586243,36.552574157714844,1.4881840944290161,0.9759203195571899,0.00622783787548542,,,1
final_C_L1_noise_densenet121_cifar10,densenet121,cifar10,C,1,noise,,42,0.88919997215271,28.600540161132812,0.41983097791671753,0.8405019640922546,0.020845919847488403,,,1
final_C_L1_noise_densenet121_mnist,densenet121,mnist,C,1,noise,,42,0.993399977684021,29.475852966308594,0.7353115081787109,0.6009330153465271,0.02735178731381893,,,1
final_C_L1_noise_resnet50_cifar10,resnet50,cifar10,C,1,noise,,42,0.8913999795913696,28.600540161132812,0.41983097791671753,0.8405019640922546,0.020845919847488403,,,1
final_C_L1_noise_resnet50_mnist,resnet50,mnist,C,1,noise,,42,0.9909999966621399,29.475852966308594,0.7353115081787109,0.6009330153465271,0.02735178731381893,,,1
final_C_L1_noise_transnext_tiny_cifar10,transnext_tiny,cifar10,C,1,noise,,42,0.9598000049591064,28.600540161132812,0.41983097791671753,0.8405019640922546,0.020845919847488403,,,1
final_C_L1_noise_transnext_tiny_mnist,transnext_tiny,mnist,C,1,noise,,42,0.991599977016449,29.475852966308594,0.7353115081787109,0.6009330153465271,0.02735178731381893,,,1
final_C_L1_resolution_densenet121_cifar10,densenet121,cifar10,C,1,resolution,,42,0.8651999831199646,30.781888961791992,2.695894718170166,0.9167695641517639,0.03476459160447121,,,1
final_C_L1_resolution_densenet121_mnist,densenet121,mnist,C,1,resolution,,42,0.9922000169754028,27.17656898498535,1.5116242170333862,0.9269548654556274,0.01670055463910103,,,1
final_C_L1_resolution_resnet50_cifar10,resnet50,cifar10,C,1,resolution,,42,0.8799999952316284,30.781888961791992,2.695894718170166,0.9167695641517639,0.03476459160447121,,,1
final_C_L1_resolution_resnet50_mnist,resnet50,mnist,C,1,resolution,,42,0.9883999824523926,27.17656898498535,1.5116242170333862,0.9269548654556274,0.01670055463910103,,,1
final_C_L1_resolution_transnext_tiny_cifar10,transnext_tiny,cifar10,C,1,resolution,,42,0.9513999819755554,30.781888961791992,2.695894718170166,0.9167695641517639,0.03476459160447121,,,1
final_C_L1_resolution_transnext_tiny_mnist,transnext_tiny,mnist,C,1,resolution,,42,0.9914000034332275,27.17656898498535,1.5116242170333862,0.9269548654556274,0.01670055463910103,,,1
final_C_L1_salt_pepper_densenet121_cifar10,densenet121,cifar10,C,1,salt_pepper,,42,0.9071999788284302,21.655563354492188,1.1003608703613281,0.8584103584289551,0.023474643006920815,,,1
final_C_L1_salt_pepper_densenet121_mnist,densenet121,mnist,C,1,salt_pepper,,42,0.9918000102043152,19.863862991333008,1.1951278448104858,0.8879556059837341,0.02219664305448532,,,1
final_C_L1_salt_pepper_resnet50_cifar10,resnet50,cifar10,C,1,salt_pepper,,42,0.90420001745224,21.655563354492188,1.1003608703613281,0.8584103584289551,0.023474643006920815,,,1
final_C_L1_salt_pepper_resnet50_mnist,resnet50,mnist,C,1,salt_pepper,,42,0.9908000230789185,19.863862991333008,1.1951278448104858,0.8879556059837341,0.02219664305448532,,,1
final_C_L1_salt_pepper_transnext_tiny_cifar10,transnext_tiny,cifar10,C,1,salt_pepper,,42,0.9728000164031982,21.655563354492188,1.1003608703613281,0.8584103584289551,0.023474643006920815,,,1
final_C_L1_salt_pepper_transnext_tiny_mnist,transnext_tiny,mnist,C,1,salt_pepper,,42,0.9900000095367432,19.863862991333008,1.1951278448104858,0.8879556059837341,0.02219664305448532,,,1
final_C_L1_saturation_densenet121_cifar10,densenet121,cifar10,C,1,saturation,,42,0.91839998960495,36.44712829589844,2.3874619007110596,0.9746992588043213,0.009674963541328907,,,1
final_C_L1_saturation_densenet121_mnist,densenet121,mnist,C,1,saturation,,42,0.9932000041007996,32.353492736816406,1.6432890892028809,0.9630127549171448,0.01046804804354906,,,1
final_C_L1_saturation_resnet50_cifar10,resnet50,cifar10,C,1,saturation,,42,0.9205999970436096,36.44712829589844,2.3874619007110596,0.9746992588043213,0.009674963541328907,,,1
final_C_L1_saturation_resnet50_mnist,resnet50,mnist,C,1,saturation,,42,0.9894000291824341,32.353492736816406,1.6432890892028809,0.9630127549171448,0.01046804804354906,,,1
final_C_L1_saturation_transnext_tiny_cifar10,transnext_tiny,cifar10,C,1,saturation,,42,0.979200005531311,36.44712829589844,2.3874619007110596,0.9746992588043213,0.009674963541328907,,,1
final_C_L1_saturation_transnext_tiny_mnist,transnext_tiny,mnist,C,1,saturation,,42,0.9936000108718872,32.353492736816406,1.6432890892028809,0.9630127549171448,0.01046804804354906,,,1
final_C_L2_blur_densenet121_cifar10,densenet121,cifar10,C,2,blur,,42,0.9039999842643738,33.575157165527344,2.5864248275756836,0.9518495798110962,0.020485982298851013,,,1
final_C_L2_blur_densenet121_mnist,densenet121,mnist,C,2,blur,,42,0.993399977684021,29.670940399169922,1.206032156944275,0.9390783309936523,0.012447412125766277,,,1
final_C_L2_blur_resnet50_cifar10,resnet50,cifar10,C,2,blur,,42,0.8988000154495239,33.575157165527344,2.5864248275756836,0.9518495798110962,0.020485982298851013,,,1
final_C_L2_blur_resnet50_mnist,resnet50,mnist,C,2,blur,,42,0.9914000034332275,29.670940399169922,1.206032156944275,0.9390783309936523,0.012447412125766277,,,1
final_C_L2_blur_transnext_tiny_cifar10,transnext_tiny,cifar10,C,2,blur,,42,0.9724000096321106,33.575157165527344,2.5864248275756836,0.9518495798110962,0.020485982298851013,,,1
final_C_L2_blur_transnext_tiny_mnist,transnext_tiny,mnist,C,2,blur,,42,0.9896000027656555,29.670940399169922,1.206032156944275,0.9390783309936523,0.012447412125766277,,,1
final_C_L2_noise_densenet121_cifar10,densenet121,cifar10,C,2,noise,,42,0.8363999724388123,23.339492797851562,0.36355552077293396,0.6418746709823608,0.03796744719147682,,,1
final_C_L2_noise_densenet121_mnist,densenet121,mnist,C,2,noise,,42,0.9926000237464905,25.3553524017334,0.2997320294380188,0.47979599237442017,0.03303335979580879,,,1
final_C_L2_noise_resnet50_cifar10,resnet50,cifar10,C,2,noise,,42,0.847000002861023,23.339492797851562,0.36355552077293396,0.6418746709823608,0.03796744719147682,,,1
final_C_L2_noise_resnet50_mnist,resnet50,mnist,C,2,noise,,42,0.991599977016449,25.3553524017334,0.2997320294380188,0.47979599237442017,0.03303335979580879,,,1
final_C_L2_noise_transnext_tiny_cifar10,transnext_tiny,cifar10,C,2,noise,,42,0.9333999752998352,23.339492797851562,0.36355552077293396,0.6418746709823608,0.03796744719147682,,,1
final_C_L2_noise_transnext_tiny_mnist,transnext_tiny,mnist,C,2,noise,,42,0.9927999973297119,25.3553524017334,0.2997320294380188,0.47979599237442017,0.03303335979580879,,,1
final_C_L2_resolution_densenet121_cifar10,densenet121,cifar10,C,2,resolution,,42,0.7960000038146973,25.328777313232422,2.6504807472229004,0.8454626798629761,0.05992923304438591,,,1
final_C_L2_resolution_densenet121_mnist,densenet121,mnist,C,2,resolution,,42,0.9861999750137329,21.045900344848633,1.582413911819458,0.8473184704780579,0.03580872714519501,,,1
final_C_L2_resolution_resnet50_cifar10,resnet50,cifar10,C,2,resolution,,42,0.7897999882698059,25.328777313232422,2.6504807472229004,0.8454626798629761,0.05992923304438591,,,1
final_C_L2_resolution_resnet50_mnist,resnet50,mnist,C,2,resolution,,42,0.9850000143051147,21.045900344848633,1.582413911819458,0.8473184704780579,0.03580872714519501,,,1
final_C_L2_resolution_transnext_tiny_cifar10,transnext_tiny,cifar10,C,2,resolution,,42,0.8862000107765198,25.328777313232422,2.6504807472229004,0.8454626798629761,0.05992923304438591,,,1
final_C_L2_resolution_transnext_tiny_mnist,transnext_tiny,mnist,C,2,resolution,,42,0.9807999730110168,21.045900344848633,1.582413911819458,0.8473184704780579,0.03580872714519501,,,1
final_C_L2_salt_pepper_densenet121_cifar10,densenet121,cifar10,C,2,salt_pepper,,42,0.8898000121116638,18.614337921142578,0.8729439973831177,0.7545133829116821,0.0316510945558548,,,1
final_C_L2_salt_pepper_densenet121_mnist,densenet121,mnist,C,2,salt_pepper,,42,0.9914000034332275,16.933563232421875,0.9559600949287415,0.8195873498916626,0.029703263193368912,,,1
final_C_L2_salt_pepper_resnet50_cifar10,resnet50,cifar10,C,2,salt_pepper,,42,0.8992000222206116,18.614337921142578,0.8729439973831177,0.7545133829116821,0.0316510945558548,,,1
final_C_L2_salt_pepper_resnet50_mnist,resnet50,mnist,C,2,salt_pepper,,42,0.989799976348877,16.933563232421875,0.9559600949287415,0.8195873498916626,0.029703263193368912,,,1
final_C_L2_salt_pepper_transnext_tiny_cifar10,transnext_tiny,cifar10,C,2,salt_pepper,,42,0.9660000205039978,18.614337921142578,0.8729439973831177,0.7545133829116821,0.0316510945558548,,,1
final_C_L2_salt_pepper_transnext_tiny_mnist,transnext_tiny,mnist,C,2,salt_pepper,,42,0.991599977016449,16.933563232421875,0.9559600949287415,0.8195873498916626,0.029703263193368912,,,1
final_C_L2_saturation_densenet121_cifar10,densenet121,cifar10,C,2,saturation,,42,0.9142000079154968,31.342334747314453,3.4164483547210693,0.9684880375862122,0.014231082983314991,,,1
final_C_L2_saturation_densenet121_mnist,densenet121,mnist,C,2,saturation,,42,0.9923999905586243,32.35470199584961,1.643362283706665,0.9630130529403687,0.01046779751777649,,,1
final_C_L2_saturation_resnet50_cifar10,resnet50,cifar10,C,2,saturation,,42,0.9282000064849854,31.342334747314453,3.4164483547210693,0.9684880375862122,0.014231082983314991,,,1
final_C_L2_saturation_resnet50_mnist,resnet50,mnist,C,2,saturation,,42,0.9918000102043152,32.35470199584961,1.643362283706665,0.9630130529403687,0.01046779751777649,,,1
final_C_L2_saturation_transnext_tiny_cifar10,transnext_tiny,cifar10,C,2,saturation,,42,0.9778000116348267,31.342334747314453,3.4164483547210693,0.9684880375862122,0.014231082983314991,,,1
final_C_L2_saturation_transnext_tiny_mnist,transnext_tiny,mnist,C,2,saturation,,42,0.9896000027656555,32.35470199584961,1.643362283706665,0.9630130529403687,0.01046779751777649,,,1
final_C_L3_blur_densenet121_cifar10,densenet121,cifar10,C,3,blur,,42,0.8644000291824341,27.223888397216797,2.535698890686035,0.8847867846488953,0.044936876744031906,,,1
final_C_L3_blur_densenet121_mnist,densenet121,mnist,C,3,blur,,42,0.9896000027656555,22.34144401550293,1.198505163192749,0.8194273710250854,0.03654605522751808,,,1
final_C_L3_blur_resnet50_cifar10,resnet50,cifar10,C,3,blur,,42,0.8677999973297119,27.223888397216797,2.535698890686035,0.8847867846488953,0.044936876744031906,,,1
final_C_L3_blur_resnet50_mnist,resnet50,mnist,C,3,blur,,42,0.9918000102043152,22.34144401550293,1.198505163192749,0.8194273710250854,0.03654605522751808,,,1
final_C_L3_blur_transnext_tiny_cifar10,transnext_tiny,cifar10,C,3,blur,,42,0.9495999813079834,27.223888397216797,2.535698890686035,0.8847867846488953,0.044936876744031906,,,1
final_C_L3_blur_transnext_tiny_mnist,transnext_tiny,mnist,C,3,blur,,42,0.9914000034332275,22.34144401550293,1.198505163192749,0.8194273710250854,0.03654605522751808,,,1
final_C_L3_noise_densenet121_cifar10,densenet121,cifar10,C,3,noise,,42,0.7954000234603882,20.11908531188965,0.4165133535861969,0.48854246735572815,0.04692786559462547,,,1
final_C_L3_noise_densenet121_mnist,densenet121,mnist,C,3,noise,,42,0.9923999905586243,22.232688903808594,0.21163788437843323,0.41287311911582947,0.0333477258682251,,,1
final_C_L3_noise_resnet50_cifar10,resnet50,cifar10,C,3,noise,,42,0.7806000113487244,20.11908531188965,0.4165133535861969,0.48854246735572815,0.04692786559462547,,,1
final_C_L3_noise_resnet50_mnist,resnet50,mnist,C,3,noise,,42,0.9909999966621399,22.232688903808594,0.21163788437843323,0.41287311911582947,0.0333477258682251,,,1
final_C_L3_noise_transnext_tiny_cifar10,transnext_tiny,cifar10,C,3,noise,,42,0.8939999938011169,20.11908531188965,0.4165133535861969,0.48854246735572815,0.04692786559462547,,,1
final_C_L3_noise_transnext_tiny_mnist,transnext_tiny,mnist,C,3,noise,,42,0.9923999905586243,22.232688903808594,0.21163788437843323,0.41287311911582947,0.0333477258682251,,,1
final_C_L3_resolution_densenet121_cifar10,densenet121,cifar10,C,3,resolution,,42,0.676800012588501,21.754364013671875,2.637774705886841,0.7844178676605225,0.07898879796266556,,,1
final_C_L3_resolution_densenet121_mnist,densenet121,mnist,C,3,resolution,,42,0.9359999895095825,16.37200164794922,1.229188084602356,0.7302846908569336,0.054802484810352325,,,1
final_C_L3_resolution_resnet50_cifar10,resnet50,cifar10,C,3,resolution,,42,0.6845999956130981,21.754364013671875,2.637774705886841,0.7844178676605225,0.07898879796266556,,,1
final_C_L3_resolution_resnet50_mnist,resnet50,mnist,C,3,resolution,,42,0.9348000288009644,16.37200164794922,1.229188084602356,0.7302846908569336,0.054802484810352325,,,1
final_C_L3_resolution_transnext_tiny_cifar10,transnext_tiny,cifar10,C,3,resolution,,42,0.7964000105857849,21.754364013671875,2.637774705886841,0.7844178676605225,0.07898879796266556,,,1
final_C_L3_resolution_transnext_tiny_mnist,transnext_tiny,mnist,C,3,resolution,,42,0.9247999787330627,16.37200164794922,1.229188084602356,0.7302846908569336,0.054802484810352325,,,1
final_C_L3_salt_pepper_densenet121_cifar10,densenet121,cifar10,C,3,salt_pepper,,42,0.8795999884605408,16.383773803710938,0.7016091346740723,0.6348656415939331,0.03523065522313118,,,1
final_C_L3_salt_pepper_densenet121_mnist,densenet121,mnist,C,3,salt_pepper,,42,0.9905999898910522,14.693042755126953,0.7135916352272034,0.7361297607421875,0.032651569694280624,,,1
final_C_L3_salt_pepper_resnet50_cifar10,resnet50,cifar10,C,3,salt_pepper,,42,0.8651999831199646,16.383773803710938,0.7016091346740723,0.6348656415939331,0.03523065522313118,,,1
final_C_L3_salt_pepper_resnet50_mnist,resnet50,mnist,C,3,salt_pepper,,42,0.9887999892234802,14.693042755126953,0.7135916352272034,0.7361297607421875,0.032651569694280624,,,1
final_C_L3_salt_pepper_transnext_tiny_cifar10,transnext_tiny,cifar10,C,3,salt_pepper,,42,0.954800009727478,16.383773803710938,0.7016091346740723,0.6348656415939331,0.03523065522313118,,,1
final_C_L3_salt_pepper_transnext_tiny_mnist,transnext_tiny,mnist,C,3,salt_pepper,,42,0.9882000088691711,14.693042755126953,0.7135916352272034,0.7361297607421875,0.032651569694280624,,,1
final_C_L3_saturation_densenet121_cifar10,densenet121,cifar10,C,3,saturation,,42,0.9165999889373779,27.94279670715332,4.2279229164123535,0.9583484530448914,0.022430675104260445,,,1
final_C_L3_saturation_densenet121_mnist,densenet121,mnist,C,3,saturation,,42,0.9926000237464905,32.355709075927734,1.6434228420257568,0.9630131721496582,0.010467806831002235,,,1
final_C_L3_saturation_resnet50_cifar10,resnet50,cifar10,C,3,saturation,,42,0.925599992275238,27.94279670715332,4.2279229164123535,0.9583484530448914,0.022430675104260445,,,1
final_C_L3_saturation_resnet50_mnist,resnet50,mnist,C,3,saturation,,42,0.9936000108718872,32.355709075927734,1.6434228420257568,0.9630131721496582,0.010467806831002235,,,1
final_C_L3_saturation_transnext_tiny_cifar10,transnext_tiny,cifar10,C,3,saturation,,42,0.9753999710083008,27.94279670715332,4.2279229164123535,0.9583484530448914,0.022430675104260445,,,1
final_C_L3_saturation_transnext_tiny_mnist,transnext_tiny,mnist,C,3,saturation,,42,0.9918000102043152,32.355709075927734,1.6434228420257568,0.9630131721496582,0.010467806831002235,,,1
final_C_L4_blur_densenet121_cifar10,densenet121,cifar10,C,4,blur,,42,0.8203999996185303,23.633243560791016,2.5236971378326416,0.8216713070869446,0.06562981009483337,,,1
final_C_L4_blur_densenet121_mnist,densenet121,mnist,C,4,blur,,42,0.9927999973297119,18.180816650390625,1.1865705251693726,0.674399733543396,0.06240999698638916,,,1
final_C_L4_blur_resnet50_cifar10,resnet50,cifar10,C,4,blur,,42,0.8145999908447266,23.633243560791016,2.5236971378326416,0.8216713070869446,0.06562981009483337,,,1
final_C_L4_blur_resnet50_mnist,resnet50,mnist,C,4,blur,,42,0.9919999837875366,18.180816650390625,1.1865705251693726,0.674399733543396,0.06240999698638916,,,1
final_C_L4_blur_transnext_tiny_cifar10,transnext_tiny,cifar10,C,4,blur,,42,0.9088000059127808,23.633243560791016,2.5236971378326416,0.8216713070869446,0.06562981009483337,,,1
final_C_L4_blur_transnext_tiny_mnist,transnext_tiny,mnist,C,4,blur,,42,0.9927999973297119,18.180816650390625,1.1865705251693726,0.674399733543396,0.06240999698638916,,,1
final_C_L4_noise_densenet121_cifar10,densenet121,cifar10,C,4,noise,,42,0.7505999803543091,17.870250701904297,0.43945324420928955,0.3810991048812866,0.049518898129463196,,,1
final_C_L4_noise_densenet121_mnist,densenet121,mnist,C,4,noise,,42,0.993399977684021,19.858911514282227,0.19559316337108612,0.3662882447242737,0.0320708230137825,,,1
final_C_L4_noise_resnet50_cifar10,resnet50,cifar10,C,4,noise,,42,0.7275999784469604,17.870250701904297,0.43945324420928955,0.3810991048812866,0.049518898129463196,,,1
final_C_L4_noise_resnet50_mnist,resnet50,mnist,C,4,noise,,42,0.9909999966621399,19.858911514282227,0.19559316337108612,0.3662882447242737,0.0320708230137825,,,1
final_C_L4_noise_transnext_tiny_cifar10,transnext_tiny,cifar10,C,4,noise,,42,0.8597999811172485,17.870250701904297,0.43945324420928955,0.3810991048812866,0.049518898129463196,,,1
final_C_L4_noise_transnext_tiny_mnist,transnext_tiny,mnist,C,4,noise,,42,0.991599977016449,19.858911514282227,0.19559316337108612,0.3662882447242737,0.0320708230137825,,,1
final_C_L4_resolution_densenet121_cifar10,densenet121,cifar10,C,4,resolution,,42,0.5776000022888184,19.420162200927734,2.6702418327331543,0.7452123761177063,0.09095361083745956,,,1
final_C_L4_resolution_densenet121_mnist,densenet121,mnist,C,4,resolution,,42,0.8131999969482422,13.894357681274414,1.1913337707519531,0.6452682018280029,0.06976152211427689,,,1
final_C_L4_resolution_resnet50_cifar10,resnet50,cifar10,C,4,resolution,,42,0.6050000190734863,19.420162200927734,2.6702418327331543,0.7452123761177063,0.09095361083745956,,,1
final_C_L4_resolution_resnet50_mnist,resnet50,mnist,C,4,resolution,,42,0.8122000098228455,13.894357681274414,1.1913337707519531,0.6452682018280029,0.06976152211427689,,,1
final_C_L4_resolution_transnext_tiny_cifar10,transnext_tiny,cifar10,C,4,resolution,,42,0.6840000152587891,19.420162200927734,2.6702418327331543,0.7452123761177063,0.09095361083745956,,,1
final_C_L4_resolution_transnext_tiny_mnist,transnext_tiny,mnist,C,4,resolution,,42,0.8008000254631042,13.894357681274414,1.1913337707519531,0.6452682018280029,0.06976152211427689,,,1
final_C_L4_salt_pepper_densenet121_cifar10,densenet121,cifar10,C,4,salt_pepper,,42,0.8644000291824341,14.95685863494873,0.6035389304161072,0.5382793545722961,0.038013212382793427,,,1
final_C_L4_salt_pepper_densenet121_mnist,densenet121,mnist,C,4,salt_pepper,,42,0.9876000285148621,13.237927436828613,0.5960397124290466,0.6630023717880249,0.034214358776807785,,,1
final_C_L4_salt_pepper_resnet50_cifar10,resnet50,cifar10,C,4,salt_pepper,,42,0.8464000225067139,14.95685863494873,0.6035389304161072,0.5382793545722961,0.038013212382793427,,,1
final_C_L4_salt_pepper_resnet50_mnist,resnet50,mnist,C,4,salt_pepper,,42,0.9890000224113464,13.237927436828613,0.5960397124290466,0.6630023717880249,0.034214358776807785,,,1
final_C_L4_salt_pepper_transnext_tiny_cifar10,transnext_tiny,cifar10,C,4,salt_pepper,,42,0.9473999738693237,14.95685863494873,0.6035389304161072,0.5382793545722961,0.038013212382793427,,,1
final_C_L4_salt_pepper_transnext_tiny_mnist,transnext_tiny,mnist,C,4,salt_pepper,,42,0.9876000285148621,13.237927436828613,0.5960397124290466,0.6630023717880249,0.034214358776807785,,,1
final_C_L4_saturation_densenet121_cifar10,densenet121,cifar10,C,4,saturation,,42,0.9129999876022339,25.413484573364258,4.716719150543213,0.9450103044509888,0.03320080041885376,,,1
final_C_L4_saturation_densenet121_mnist,densenet121,mnist,C,4,saturation,,42,0.9927999973297119,32.35671615600586,1.6434836387634277,0.9630134701728821,0.010467670857906342,,,1
final_C_L4_saturation_resnet50_cifar10,resnet50,cifar10,C,4,saturation,,42,0.9178000092506409,25.413484573364258,4.716719150543213,0.9450103044509888,0.03320080041885376,,,1
final_C_L4_saturation_resnet50_mnist,resnet50,mnist,C,4,saturation,,42,0.9918000102043152,32.35671615600586,1.6434836387634277,0.9630134701728821,0.010467670857906342,,,1
final_C_L4_saturation_transnext_tiny_cifar10,transnext_tiny,cifar10,C,4,saturation,,42,0.975600004196167,25.413484573364258,4.716719150543213,0.9450103044509888,0.03320080041885376,,,1
final_C_L4_saturation_transnext_tiny_mnist,transnext_tiny,mnist,C,4,saturation,,42,0.9923999905586243,32.35671615600586,1.6434836387634277,0.9630134701728821,0.010467670857906342,,,1
final_C_L5_blur_densenet121_cifar10,densenet121,cifar10,C,5,blur,,42,0.7142000198364258,21.055660247802734,2.5229697227478027,0.7721232771873474,0.08173324167728424,,,1
final_C_L5_blur_densenet121_mnist,densenet121,mnist,C,5,blur,,42,0.9846000075340271,15.504034996032715,1.2535494565963745,0.49593642354011536,0.08473728597164154,,,1
final_C_L5_blur_resnet50_cifar10,resnet50,cifar10,C,5,blur,,42,0.7098000049591064,21.055660247802734,2.5229697227478027,0.7721232771873474,0.08173324167728424,,,1
final_C_L5_blur_resnet50_mnist,resnet50,mnist,C,5,blur,,42,0.9882000088691711,15.504034996032715,1.2535494565963745,0.49593642354011536,0.08473728597164154,,,1
final_C_L5_blur_transnext_tiny_cifar10,transnext_tiny,cifar10,C,5,blur,,42,0.824400007724762,21.055660247802734,2.5229697227478027,0.7721232771873474,0.08173324167728424,,,1
final_C_L5_blur_transnext_tiny_mnist,transnext_tiny,mnist,C,5,blur,,42,0.9905999898910522,15.504034996032715,1.2535494565963745,0.49593642354011536,0.08473728597164154,,,1
final_C_L5_noise_densenet121_cifar10,densenet121,cifar10,C,5,noise,,42,0.6845999956130981,15.49093246459961,0.42596572637557983,0.2772984504699707,0.04768216609954834,,,1
final_C_L5_noise_densenet121_mnist,densenet121,mnist,C,5,noise,,42,0.9927999973297119,17.161060333251953,0.19265809655189514,0.31492114067077637,0.02925056777894497,,,1
final_C_L5_noise_resnet50_cifar10,resnet50,cifar10,C,5,noise,,42,0.6687999963760376,15.49093246459961,0.42596572637557983,0.2772984504699707,0.04768216609954834,,,1
final_C_L5_noise_resnet50_mnist,resnet50,mnist,C,5,noise,,42,0.9896000027656555,17.161060333251953,0.19265809655189514,0.31492114067077637,0.02925056777894497,,,1
final_C_L5_noise_transnext_tiny_cifar10,transnext_tiny,cifar10,C,5,noise,,42,0.8008000254631042,15.49093246459961,0.42596572637557983,0.2772984504699707,0.04768216609954834,,,1
final_C_L5_noise_transnext_tiny_mnist,transnext_tiny,mnist,C,5,noise,,42,0.9914000034332275,17.161060333251953,0.19265809655189514,0.31492114067077637,0.02925056777894497,,,1
final_C_L5_resolution_densenet121_cifar10,densenet121,cifar10,C,5,resolution,,42,0.4431999921798706,15.875357627868652,2.8242347240448,0.6916051506996155,0.10936250537633896,,,1
final_C_L5_resolution_densenet121_mnist,densenet121,mnist,C,5,resolution,,42,0.45399999618530273,11.120646476745605,1.8049718141555786,0.5071334838867188,0.10736045986413956,,,1
final_C_L5_resolution_resnet50_cifar10,resnet50,cifar10,C,5,resolution,,42,0.43160000443458557,15.875357627868652,2.8242347240448,0.6916051506996155,0.10936250537633896,,,1
final_C_L5_resolution_resnet50_mnist,resnet50,mnist,C,5,resolution,,42,0.4426000118255615,11.120646476745605,1.8049718141555786,0.5071334838867188,0.10736045986413956,,,1
final_C_L5_resolution_transnext_tiny_cifar10,transnext_tiny,cifar10,C,5,resolution,,42,0.46239998936653137,15.875357627868652,2.8242347240448,0.6916051506996155,0.10936250537633896,,,1
final_C_L5_resolution_transnext_tiny_mnist,transnext_tiny,mnist,C,5,resolution,,42,0.44859999418258667,11.120646476745605,1.8049718141555786,0.5071334838867188,0.10736045986413956,,,1
final_C_L5_salt_pepper_densenet121_cifar10,densenet121,cifar10,C,5,salt_pepper,,42,0.8507999777793884,13.879243850708008,0.5841748714447021,0.4559713900089264,0.040805231779813766,,,1
final_C_L5_salt_pepper_densenet121_mnist,densenet121,mnist,C,5,salt_pepper,,42,0.9872000217437744,12.131567001342773,0.529333770275116,0.5962571501731873,0.034998033195734024,,,1
final_C_L5_salt_pepper_resnet50_cifar10,resnet50,cifar10,C,5,salt_pepper,,42,0.8330000042915344,13.879243850708008,0.5841748714447021,0.4559713900089264,0.040805231779813766,,,1
final_C_L5_salt_pepper_resnet50_mnist,resnet50,mnist,C,5,salt_pepper,,42,0.9861999750137329,12.131567001342773,0.529333770275116,0.5962571501731873,0.034998033195734024,,,1
final_C_L5_salt_pepper_transnext_tiny_cifar10,transnext_tiny,cifar10,C,5,salt_pepper,,42,0.9422000050544739,13.879243850708008,0.5841748714447021,0.4559713900089264,0.040805231779813766,,,1
final_C_L5_salt_pepper_transnext_tiny_mnist,transnext_tiny,mnist,C,5,salt_pepper,,42,0.9894000291824341,12.131567001342773,0.529333770275116,0.5962571501731873,0.034998033195734024,,,1
final_C_L5_saturation_densenet121_cifar10,densenet121,cifar10,C,5,saturation,,42,0.883400022983551,24.17316246032715,4.931709289550781,0.9357738494873047,0.04052618145942688,,,1
final_C_L5_saturation_densenet121_mnist,densenet121,mnist,C,5,saturation,,42,0.9914000034332275,32.357322692871094,1.6435201168060303,0.9630135297775269,0.010467649437487125,,,1
final_C_L5_saturation_resnet50_cifar10,resnet50,cifar10,C,5,saturation,,42,0.8822000026702881,24.17316246032715,4.931709289550781,0.9357738494873047,0.04052618145942688,,,1
final_C_L5_saturation_resnet50_mnist,resnet50,mnist,C,5,saturation,,42,0.9909999966621399,32.357322692871094,1.6435201168060303,0.9630135297775269,0.010467649437487125,,,1
final_C_L5_saturation_transnext_tiny_cifar10,transnext_tiny,cifar10,C,5,saturation,,42,0.9534000158309937,24.17316246032715,4.931709289550781,0.9357738494873047,0.04052618145942688,,,1
final_C_L5_saturation_transnext_tiny_mnist,transnext_tiny,mnist,C,5,saturation,,42,0.9904000163078308,32.357322692871094,1.6435201168060303,0.9630135297775269,0.010467649437487125,,,1
final_D_T1_L1_densenet121_cifar10,densenet121,cifar10,D,1,,T1,42,0.7674000263214111,21.22579002380371,1.544506311416626,0.8010480403900146,0.04082350432872772,,,1
final_D_T1_L1_densenet121_mnist,densenet121,mnist,D,1,,T1,42,0.9890000224113464,19.555505752563477,1.7537661790847778,0.5766915678977966,0.03037792257964611,,,1
final_D_T1_L1_resnet50_cifar10,resnet50,cifar10,D,1,,T1,42,0.7644000053405762,21.22579002380371,1.544506311416626,0.8010480403900146,0.04082350432872772,,,1
final_D_T1_L1_resnet50_mnist,resnet50,mnist,D,1,,T1,42,0.9850000143051147,19.555505752563477,1.7537661790847778,0.5766915678977966,0.03037792257964611,,,1
final_D_T1_L1_transnext_tiny_cifar10,transnext_tiny,cifar10,D,1,,T1,42,0.8845999836921692,21.22579002380371,1.544506311416626,0.8010480403900146,0.04082350432872772,,,1
final_D_T1_L1_transnext_tiny_mnist,transnext_tiny,mnist,D,1,,T1,42,0.9891999959945679,19.555505752563477,1.7537661790847778,0.5766915678977966,0.03037792257964611,,,1
final_D_T1_L2_densenet121_cifar10,densenet121,cifar10,D,2,,T1,42,0.5432000160217285,17.543922424316406,1.3167108297348022,0.6972057819366455,0.05896536260843277,,,1
final_D_T1_L2_densenet121_mnist,densenet121,mnist,D,2,,T1,42,0.9682000279426575,15.496427536010742,1.3028600215911865,0.42281824350357056,0.03856607526540756,,,1
final_D_T1_L2_resnet50_cifar10,resnet50,cifar10,D,2,,T1,42,0.52920001745224,17.543922424316406,1.3167108297348022,0.6972057819366455,0.05896536260843277,,,1
final_D_T1_L2_resnet50_mnist,resnet50,mnist,D,2,,T1,42,0.9616000056266785,15.496427536010742,1.3028600215911865,0.42281824350357056,0.03856607526540756,,,1
final_D_T1_L2_transnext_tiny_cifar10,transnext_tiny,cifar10,D,2,,T1,42,0.6696000099182129,17.543922424316406,1.3167108297348022,0.6972057819366455,0.05896536260843277,,,1
final_D_T1_L2_transnext_tiny_mnist,transnext_tiny,mnist,D,2,,T1,42,0.9603999853134155,15.496427536010742,1.3028600215911865,0.42281824350357056,0.03856607526540756,,,1
final_D_T1_L3_densenet121_cifar10,densenet121,cifar10,D,3,,T1,42,0.39320001006126404,14.874027252197266,1.4139035940170288,0.6350591778755188,0.07825718075037003,,,1
final_D_T1_L3_densenet121_mnist,densenet121,mnist,D,3,,T1,42,0.8073999881744385,12.576668739318848,1.3035645484924316,0.3175475597381592,0.04275445640087128,,,1
final_D_T1_L3_resnet50_cifar10,resnet50,cifar10,D,3,,T1,42,0.35179999470710754,14.874027252197266,1.4139035940170288,0.6350591778755188,0.07825718075037003,,,1
final_D_T1_L3_resnet50_mnist,resnet50,mnist,D,3,,T1,42,0.796999990940094,12.576668739318848,1.3035645484924316,0.3175475597381592,0.04275445640087128,,,1
final_D_T1_L3_transnext_tiny_cifar10,transnext_tiny,cifar10,D,3,,T1,42,0.4235999882221222,14.874027252197266,1.4139035940170288,0.6350591778755188,0.07825718075037003,,,1
final_D_T1_L3_transnext_tiny_mnist,transnext_tiny,mnist,D,3,,T1,42,0.8022000193595886,12.576668739318848,1.3035645484924316,0.3175475597381592,0.04275445640087128,,,1
final_D_T1_L4_densenet121_cifar10,densenet121,cifar10,D,4,,T1,42,0.2964000105857849,13.097561836242676,1.4104716777801514,0.6013230085372925,0.08745517581701279,,,1
final_D_T1_L4_densenet121_mnist,densenet121,mnist,D,4,,T1,42,0.5756000280380249,10.897726058959961,1.3057552576065063,0.24776911735534668,0.04829176515340805,,,1
final_D_T1_L4_resnet50_cifar10,resnet50,cifar10,D,4,,T1,42,0.2709999978542328,13.097561836242676,1.4104716777801514,0.6013230085372925,0.08745517581701279,,,1
final_D_T1_L4_resnet50_mnist,resnet50,mnist,D,4,,T1,42,0.5562000274658203,10.897726058959961,1.3057552576065063,0.24776911735534668,0.04829176515340805,,,1
final_D_T1_L4_transnext_tiny_cifar10,transnext_tiny,cifar10,D,4,,T1,42,0.28439998626708984,13.097561836242676,1.4104716777801514,0.6013230085372925,0.08745517581701279,,,1
final_D_T1_L4_transnext_tiny_mnist,transnext_tiny,mnist,D,4,,T1,42,0.5893999934196472,10.897726058959961,1.3057552576065063,0.24776911735534668,0.04829176515340805,,,1
final_D_T1_L5_densenet121_cifar10,densenet121,cifar10,D,5,,T1,42,0.2011999934911728,10.847352027893066,1.8062080144882202,0.5662043690681458,0.10978245735168457,,,1
final_D_T1_L5_densenet121_mnist,densenet121,mnist,D,5,,T1,42,0.27959999442100525,9.024060249328613,1.961860179901123,0.2465682029724121,0.07177931815385818,,,1
final_D_T1_L5_resnet50_cifar10,resnet50,cifar10,D,5,,T1,42,0.18639999628067017,10.847352027893066,1.8062080144882202,0.5662043690681458,0.10978245735168457,,,1
final_D_T1_L5_resnet50_mnist,resnet50,mnist,D,5,,T1,42,0.28139999508857727,9.024060249328613,1.961860179901123,0.2465682029724121,0.07177931815385818,,,1
final_D_T1_L5_transnext_tiny_cifar10,transnext_tiny,cifar10,D,5,,T1,42,0.19660000503063202,10.847352027893066,1.8062080144882202,0.5662043690681458,0.10978245735168457,,,1
final_D_T1_L5_transnext_tiny_mnist,transnext_tiny,mnist,D,5,,T1,42,0.27619999647140503,9.024060249328613,1.961860179901123,0.2465682029724121,0.07177931815385818,,,1
final_D_T2_L1_densenet121_cifar10,densenet121,cifar10,D,1,,T2,42,0.7663999795913696,21.22579002380371,1.544506311416626,0.8010480403900146,0.04082350432872772,,,1
final_D_T2_L1_densenet121_mnist,densenet121,mnist,D,1,,T2,42,0.9905999898910522,19.555505752563477,1.7537661790847778,0.5766915678977966,0.03037792257964611,,,1
final_D_T2_L1_resnet50_cifar10,resnet50,cifar10,D,1,,T2,42,0.7811999917030334,21.22579002380371,1.544506311416626,0.8010480403900146,0.04082350432872772,,,1
final_D_T2_L1_resnet50_mnist,resnet50,mnist,D,1,,T2,42,0.9911999702453613,19.555505752563477,1.7537661790847778,0.5766915678977966,0.03037792257964611,,,1
final_D_T2_L1_transnext_tiny_cifar10,transnext_tiny,cifar10,D,1,,T2,42,0.8942000269889832,21.22579002380371,1.544506311416626,0.8010480403900146,0.04082350432872772,,,1
final_D_T2_L1_transnext_tiny_mnist,transnext_tiny,mnist,D,1,,T2,42,0.9918000102043152,19.555505752563477,1.7537661790847778,0.5766915678977966,0.03037792257964611,,,1
final_D_T2_L2_densenet121_cifar10,densenet121,cifar10,D,2,,T2,42,0.5576000213623047,17.543922424316406,1.3167108297348022,0.6972057819366455,0.05896536260843277,,,1
final_D_T2_L2_densenet121_mnist,densenet121,mnist,D,2,,T2,42,0.9617999792098999,15.496427536010742,1.3028600215911865,0.42281824350357056,0.03856607526540756,,,1
final_D_T2_L2_resnet50_cifar10,resnet50,cifar10,D,2,,T2,42,0.5275999903678894,17.543922424316406,1.3167108297348022,0.6972057819366455,0.05896536260843277,,,1
final_D_T2_L2_resnet50_mnist,resnet50,mnist,D,2,,T2,42,0.9624000191688538,15.496427536010742,1.3028600215911865,0.42281824350357056,0.03856607526540756,,,1
final_D_T2_L2_transnext_tiny_cifar10,transnext_tiny,cifar10,D,2,,T2,42,0.6525999903678894,17.543922424316406,1.3167108297348022,0.6972057819366455,0.05896536260843277,,,1
final_D_T2_L2_transnext_tiny_mnist,transnext_tiny,mnist,D,2,,T2,42,0.9702000021934509,15.496427536010742,1.3028600215911865,0.42281824350357056,0.03856607526540756,,,1
final_D_T2_L3_densenet121_cifar10,densenet121,cifar10,D,3,,T2,42,0.39160001277923584,14.874027252197266,1.4139035940170288,0.6350591778755188,0.07825718075037003,,,1
final_D_T2_L3_densenet121_mnist,densenet121,mnist,D,3,,T2,42,0.7983999848365784,12.576668739318848,1.3035645484924316,0.3175475597381592,0.04275445640087128,,,1
final_D_T2_L3_resnet50_cifar10,resnet50,cifar10,D,3,,T2,42,0.375,14.874027252197266,1.4139035940170288,0.6350591778755188,0.07825718075037003,,,1
final_D_T2_L3_resnet50_mnist,resnet50,mnist,D,3,,T2,42,0.7857999801635742,12.576668739318848,1.3035645484924316,0.3175475597381592,0.04275445640087128,,,1
final_D_T2_L3_transnext_tiny_cifar10,transnext_tiny,cifar10,D,3,,T2,42,0.42340001463890076,14.874027252197266,1.4139035940170288,0.6350591778755188,0.07825718075037003,,,1
final_D_T2_L3_transnext_tiny_mnist,transnext_tiny,mnist,D,3,,T2,42,0.8041999936103821,12.576668739318848,1.3035645484924316,0.3175475597381592,0.04275445640087128,,,1
final_D_T2_L4_densenet121_cifar10,densenet121,cifar10,D,4,,T2,42,0.29820001125335693,13.097561836242676,1.4104716777801514,0.6013230085372925,0.08745517581701279,,,1
final_D_T2_L4_densenet121_mnist,densenet121,mnist,D,4,,T2,42,0.5777999758720398,10.897726058959961,1.3057552576065063,0.24776911735534668,0.04829176515340805,,,1
final_D_T2_L4_resnet50_cifar10,resnet50,cifar10,D,4,,T2,42,0.28220000863075256,13.097561836242676,1.4104716777801514,0.6013230085372925,0.08745517581701279,,,1
final_D_T2_L4_resnet50_mnist,resnet50,mnist,D,4,,T2,42,0.5699999928474426,10.897726058959961,1.3057552576065063,0.24776911735534668,0.04829176515340805,,,1
final_D_T2_L4_transnext_tiny_cifar10,transnext_tiny,cifar10,D,4,,T2,42,0.298799991607666,13.097561836242676,1.4104716777801514,0.6013230085372925,0.08745517581701279,,,1
final_D_T2_L4_transnext_tiny_mnist,transnext_tiny,mnist,D,4,,T2,42,0.5595999956130981,10.897726058959961,1.3057552576065063,0.24776911735534668,0.04829176515340805,,,1
final_D_T2_L5_densenet121_cifar10,densenet121,cifar10,D,5,,T2,42,0.1972000002861023,10.847352027893066,1.8062080144882202,0.5662043690681458,0.10978245735168457,,,1
final_D_T2_L5_densenet121_mnist,densenet121,mnist,D,5,,T2,42,0.2802000045776367,9.024060249328613,1.961860179901123,0.2465682029724121,0.07177931815385818,,,1
final_D_T2_L5_resnet50_cifar10,resnet50,cifar10,D,5,,T2,42,0.1834000051021576,10.847352027893066,1.8062080144882202,0.5662043690681458,0.10978245735168457,,,1
final_D_T2_L5_resnet50_mnist,resnet50,mnist,D,5,,T2,42,0.2734000086784363,9.024060249328613,1.961860179901123,0.2465682029724121,0.07177931815385818,,,1
final_D_T2_L5_transnext_tiny_cifar10,transnext_tiny,cifar10,D,5,,T2,42,0.20020000636577606,10.847352027893066,1.8062080144882202,0.5662043690681458,0.10978245735168457,,,1
final_D_T2_L5_transnext_tiny_mnist,transnext_tiny,mnist,D,5,,T2,42,0.2752000093460083,9.024060249328613,1.961860179901123,0.2465682029724121,0.07177931815385818,,,1
final_D_T3_L1_densenet121_cifar10,densenet121,cifar10,D,1,,T3,42,0.7703999876976013,21.22579002380371,1.544506311416626,0.8010480403900146,0.04082350432872772,,,1
final_D_T3_L1_densenet121_mnist,densenet121,mnist,D,1,,T3,42,0.9929999709129333,19.555505752563477,1.7537661790847778,0.5766915678977966,0.03037792257964611,,,1
final_D_T3_L1_resnet50_cifar10,resnet50,cifar10,D,1,,T3,42,0.7911999821662903,21.22579002380371,1.544506311416626,0.8010480403900146,0.04082350432872772,,,1
final_D_T3_L1_resnet50_mnist,resnet50,mnist,D,1,,T3,42,0.989799976348877,19.555505752563477,1.7537661790847778,0.5766915678977966,0.03037792257964611,,,1
final_D_T3_L1_transnext_tiny_cifar10,transnext_tiny,cifar10,D,1,,T3,42,0.9028000235557556,21.22579002380371,1.544506311416626,0.8010480403900146,0.04082350432872772,,,1
final_D_T3_L1_transnext_tiny_mnist,transnext_tiny,mnist,D,1,,T3,42,0.9937999844551086,19.555505752563477,1.7537661790847778,0.5766915678977966,0.03037792257964611,,,1
final_D_T3_L2_densenet121_cifar10,densenet121,cifar10,D,2,,T3,42,0.5479999780654907,17.543922424316406,1.3167108297348022,0.6972057819366455,0.05896536260843277,,,1
final_D_T3_L2_densenet121_mnist,densenet121,mnist,D,2,,T3,42,0.9702000021934509,15.496427536010742,1.3028600215911865,0.42281824350357056,0.03856607526540756,,,1
final_D_T3_L2_resnet50_cifar10,resnet50,cifar10,D,2,,T3,42,0.5437999963760376,17.543922424316406,1.3167108297348022,0.6972057819366455,0.05896536260843277,,,1
final_D_T3_L2_resnet50_mnist,resnet50,mnist,D,2,,T3,42,0.9696000218391418,15.496427536010742,1.3028600215911865,0.42281824350357056,0.03856607526540756,,,1
final_D_T3_L2_transnext_tiny_cifar10,transnext_tiny,cifar10,D,2,,T3,42,0.6800000071525574,17.543922424316406,1.3167108297348022,0.6972057819366455,0.05896536260843277,,,1
final_D_T3_L2_transnext_tiny_mnist,transnext_tiny,mnist,D,2,,T3,42,0.9710000157356262,15.496427536010742,1.3028600215911865,0.42281824350357056,0.03856607526540756,,,1
final_D_T3_L3_densenet121_cifar10,densenet121,cifar10,D,3,,T3,42,0.39239999651908875,14.874027252197266,1.4139035940170288,0.6350591778755188,0.07825718075037003,0.3956000010172526,0.0022686290992707994,3
final_D_T3_L3_densenet121_mnist,densenet121,mnist,D,3,,T3,42,0.8172000050544739,12.576668739318848,1.3035645484924316,0.3175475597381592,0.04275445640087128,0.8148666620254517,0.0021561407571207567,3
final_D_T3_L3_resnet50_cifar10,resnet50,cifar10,D,3,,T3,42,0.367000013589859,14.874027252197266,1.4139035940170288,0.6350591778755188,0.07825718075037003,0.37273334463437396,0.004259366537565337,3
final_D_T3_L3_resnet50_mnist,resnet50,mnist,D,3,,T3,42,0.7979999780654907,12.576668739318848,1.3035645484924316,0.3175475597381592,0.04275445640087128,0.7985333204269409,0.0021561407571207567,3
final_D_T3_L3_transnext_tiny_cifar10,transnext_tiny,cifar10,D,3,,T3,42,0.4198000133037567,14.874027252197266,1.4139035940170288,0.6350591778755188,0.07825718075037003,0.4333333373069763,0.009611559683776128,3
final_D_T3_L3_transnext_tiny_mnist,transnext_tiny,mnist,D,3,,T3,42,0.8136000037193298,12.576668739318848,1.3035645484924316,0.3175475597381592,0.04275445640087128,0.8119999965031942,0.005027932857618719,3
final_D_T3_L4_densenet121_cifar10,densenet121,cifar10,D,4,,T3,42,0.2996000051498413,13.097561836242676,1.4104716777801514,0.6013230085372925,0.08745517581701279,,,1
final_D_T3_L4_densenet121_mnist,densenet121,mnist,D,4,,T3,42,0.5758000016212463,10.897726058959961,1.3057552576065063,0.24776911735534668,0.04829176515340805,,,1
final_D_T3_L4_resnet50_cifar10,resnet50,cifar10,D,4,,T3,42,0.27880001068115234,13.097561836242676,1.4104716777801514,0.6013230085372925,0.08745517581701279,,,1
final_D_T3_L4_resnet50_mnist,resnet50,mnist,D,4,,T3,42,0.5600000023841858,10.897726058959961,1.3057552576065063,0.24776911735534668,0.04829176515340805,,,1
final_D_T3_L4_transnext_tiny_cifar10,transnext_tiny,cifar10,D,4,,T3,42,0.2971999943256378,13.097561836242676,1.4104716777801514,0.6013230085372925,0.08745517581701279,,,1
final_D_T3_L4_transnext_tiny_mnist,transnext_tiny,mnist,D,4,,T3,42,0.5924000144004822,10.897726058959961,1.3057552576065063,0.24776911735534668,0.04829176515340805,,,1
final_D_T3_L5_densenet121_cifar10,densenet121,cifar10,D,5,,T3,42,0.19900000095367432,10.847352027893066,1.8062080144882202,0.5662043690681458,0.10978245735168457,,,1
final_D_T3_L5_densenet121_mnist,densenet121,mnist,D,5,,T3,42,0.272599995136261,9.024060249328613,1.961860179901123,0.2465682029724121,0.07177931815385818,,,1
final_D_T3_L5_resnet50_cifar10,resnet50,cifar10,D,5,,T3,42,0.1923999935388565,10.847352027893066,1.8062080144882202,0.5662043690681458,0.10978245735168457,,,1
final_D_T3_L5_resnet50_mnist,resnet50,mnist,D,5,,T3,42,0.2786000072956085,9.024060249328613,1.961860179901123,0.2465682029724121,0.07177931815385818,,,1
final_D_T3_L5_transnext_tiny_cifar10,transnext_tiny,cifar10,D,5,,T3,42,0.20419999957084656,10.847352027893066,1.8062080144882202,0.5662043690681458,0.10978245735168457,,,1
final_D_T3_L5_transnext_tiny_mnist,transnext_tiny,mnist,D,5,,T3,42,0.2793999910354614,9.024060249328613,1.961860179901123,0.2465682029724121,0.07177931815385818,,,1
final_clean_densenet121_cifar10,densenet121,cifar10,A,,,,42,0.9355999827384949,,,,,,,1
final_clean_densenet121_mnist,densenet121,mnist,A,,,,42,0.9929999709129333,,,,,,,1
final_clean_resnet50_cifar10,resnet50,cifar10,A,,,,42,0.9517999887466431,,,,,,,1
final_clean_resnet50_mnist,resnet50,mnist,A,,,,42,0.9914000034332275,,,,,,,1
final_clean_transnext_tiny_cifar10,transnext_tiny,cifar10,A,,,,42,0.9764000177383423,,,,,,,1
final_clean_transnext_tiny_mnist,transnext_tiny,mnist,A,,,,42,0.9923999905586243,,,,,,,1
